category,english,source,zh_tw,status,existing_files
background,Haunted One,VRGR,噩夢纏身,existing-site,data/zh-TW/character-options/backgrounds.json;data/zh-TW/character-options/fluff-backgrounds.json
condition,Unconscious,PHB,昏迷,existing-site,data/zh-TW/rules/conditionsdiseases.json;data/zh-TW/rules/fluff-conditionsdiseases.json
condition,blinded,PHB,目盲,existing-site,data/zh-TW/rules/conditionsdiseases.json;data/zh-TW/rules/fluff-conditionsdiseases.json
condition,charmed,PHB,魅惑,existing-site,data/zh-TW/rules/conditionsdiseases.json;data/zh-TW/rules/fluff-conditionsdiseases.json
condition,deafened,PHB,耳聾,existing-site,data/zh-TW/rules/conditionsdiseases.json;data/zh-TW/rules/fluff-conditionsdiseases.json
condition,exhaustion,PHB,力竭,existing-site,data/zh-TW/rules/conditionsdiseases.json
condition,frightened,PHB,恐懼,existing-site,data/zh-TW/rules/conditionsdiseases.json;data/zh-TW/rules/fluff-conditionsdiseases.json
condition,incapacitated,PHB,無力,existing-site,data/zh-TW/rules/conditionsdiseases.json
condition,invisible,PHB,隱形,existing-site,data/zh-TW/rules/conditionsdiseases.json;data/zh-TW/rules/fluff-conditionsdiseases.json
condition,paralyzed,PHB,麻痺,existing-site,data/zh-TW/rules/conditionsdiseases.json;data/zh-TW/rules/fluff-conditionsdiseases.json
condition,petrified,PHB,石化,existing-site,data/zh-TW/rules/conditionsdiseases.json;data/zh-TW/rules/fluff-conditionsdiseases.json
condition,poisoned,PHB,中毒,existing-site,data/zh-TW/rules/conditionsdiseases.json;data/zh-TW/rules/fluff-conditionsdiseases.json
condition,prone,PHB,伏地,existing-site,data/zh-TW/rules/conditionsdiseases.json;data/zh-TW/rules/fluff-conditionsdiseases.json
condition,restrained,PHB,束縛,existing-site,data/zh-TW/rules/conditionsdiseases.json;data/zh-TW/rules/fluff-conditionsdiseases.json
condition,unconscious,PHB,昏迷,existing-site,data/zh-TW/rules/conditionsdiseases.json;data/zh-TW/rules/fluff-conditionsdiseases.json
creature,Amber Golem,CoS,琥珀魔像,existing-site,data/zh-TW/bestiary/bestiary-cos.json;data/zh-TW/bestiary/fluff-bestiary-cos.json
creature,Anastrasya Karelova,CoS,安娜斯塔西婭·卡列洛娃,existing-site,data/zh-TW/bestiary/bestiary-cos.json;data/zh-TW/bestiary/fluff-bestiary-cos.json
creature,Arabelle,CoS,阿拉貝拉,existing-site,data/zh-TW/bestiary/bestiary-cos.json
creature,Arrigal,CoS,阿利格爾,existing-site,data/zh-TW/bestiary/bestiary-cos.json;data/zh-TW/bestiary/fluff-bestiary-cos.json
creature,Baba Lysaga,CoS,芭芭·萊薩迦,existing-site,data/zh-TW/bestiary/bestiary-cos.json;data/zh-TW/bestiary/fluff-bestiary-cos.json
creature,Baba Lysaga's creeping hut,CoS,芭芭·萊薩迦的步行小屋,existing-site,data/zh-TW/bestiary/bestiary-cos.json;data/zh-TW/bestiary/fluff-bestiary-cos.json
creature,Baron Vargas Vallakovich,CoS,瓦格斯·瓦拉科維奇男爵,existing-site,data/zh-TW/bestiary/bestiary-cos.json;data/zh-TW/bestiary/fluff-bestiary-cos.json
creature,Barovian Commoner,CoS,巴洛維亞平民,existing-site,data/zh-TW/bestiary/bestiary-cos.json
creature,Barovian Scout,CoS,巴洛維亞偵察兵,existing-site,data/zh-TW/bestiary/bestiary-cos.json
creature,Barovian Witch,CoS,巴洛維亞巫師,existing-site,data/zh-TW/bestiary/bestiary-cos.json;data/zh-TW/bestiary/fluff-bestiary-cos.json
creature,Barovian witch,CoS,巴洛維亞巫師,existing-site,data/zh-TW/bestiary/bestiary-cos.json;data/zh-TW/bestiary/fluff-bestiary-cos.json
creature,Beucephalus,CoS,布西法拉斯,existing-site,data/zh-TW/bestiary/bestiary-cos.json;data/zh-TW/bestiary/fluff-bestiary-cos.json
creature,Bluto Krogarov,CoS,布魯托·科洛加洛夫,existing-site,data/zh-TW/bestiary/bestiary-cos.json
creature,Bray Martikov,CoS,佈雷·馬可夫,existing-site,data/zh-TW/bestiary/bestiary-cos.json;data/zh-TW/bestiary/fluff-bestiary-cos.json
creature,Brom Martikov,CoS,布羅姆·馬可夫,existing-site,data/zh-TW/bestiary/bestiary-cos.json;data/zh-TW/bestiary/fluff-bestiary-cos.json
creature,Clovin Belview,CoS,克洛文·貝爾維,existing-site,data/zh-TW/bestiary/bestiary-cos.json;data/zh-TW/bestiary/fluff-bestiary-cos.json
creature,Cyrus Belview,CoS,賽勒斯·貝爾維,existing-site,data/zh-TW/bestiary/bestiary-cos.json;data/zh-TW/bestiary/fluff-bestiary-cos.json
creature,Danika Dorakova,CoS,達妮卡·多拉科娃,existing-site,data/zh-TW/bestiary/bestiary-cos.json;data/zh-TW/bestiary/fluff-bestiary-cos.json
creature,Davian Martikov,CoS,達爾萬·馬可夫,existing-site,data/zh-TW/bestiary/bestiary-cos.json;data/zh-TW/bestiary/fluff-bestiary-cos.json
creature,Donavich,CoS,多納維奇,existing-site,data/zh-TW/bestiary/bestiary-cos.json;data/zh-TW/bestiary/fluff-bestiary-cos.json
creature,Doru,CoS,多魯,existing-site,data/zh-TW/bestiary/bestiary-cos.json;data/zh-TW/bestiary/fluff-bestiary-cos.json
creature,Emil Toranescu,CoS,埃米爾·託蘭涅斯庫,existing-site,data/zh-TW/bestiary/bestiary-cos.json;data/zh-TW/bestiary/fluff-bestiary-cos.json
creature,Escher,CoS,伊斯切爾,existing-site,data/zh-TW/bestiary/bestiary-cos.json;data/zh-TW/bestiary/fluff-bestiary-cos.json
creature,Exethanter,CoS,艾克斯桑特,existing-site,data/zh-TW/bestiary/bestiary-cos.json
creature,Ezmerelda d'Avenir,CoS,艾絲美拉達·德·阿維尼爾,existing-site,data/zh-TW/bestiary/bestiary-cos.json;data/zh-TW/bestiary/fluff-bestiary-cos.json
creature,Gadof Blinsky,CoS,加多夫·布林斯基,existing-site,data/zh-TW/bestiary/bestiary-cos.json;data/zh-TW/bestiary/fluff-bestiary-cos.json
creature,Gertruda,CoS,歌爾圖達,existing-site,data/zh-TW/bestiary/bestiary-cos.json;data/zh-TW/bestiary/fluff-bestiary-cos.json
creature,Helga Ruvak,CoS,海爾嘉·露瓦克,existing-site,data/zh-TW/bestiary/bestiary-cos.json
creature,Henrik Van Der Voort,CoS,亨裡克·範·德·沃特,existing-site,data/zh-TW/bestiary/bestiary-cos.json;data/zh-TW/bestiary/fluff-bestiary-cos.json
creature,Henrik van der Voort,CoS,亨裡克·範·德·沃特,existing-site,data/zh-TW/bestiary/bestiary-cos.json;data/zh-TW/bestiary/fluff-bestiary-cos.json
creature,Ireena Kolyana,CoS,伊莉娜·考利安娜,existing-site,data/zh-TW/bestiary/bestiary-cos.json;data/zh-TW/bestiary/fluff-bestiary-cos.json
creature,Ismark Kolyanovich,CoS,伊斯馬克·考利安諾維奇,existing-site,data/zh-TW/bestiary/bestiary-cos.json;data/zh-TW/bestiary/fluff-bestiary-cos.json
creature,Izek Strazni,CoS,艾澤克·施特拉茲尼,existing-site,data/zh-TW/bestiary/bestiary-cos.json;data/zh-TW/bestiary/fluff-bestiary-cos.json
creature,Kasimir Velikov,CoS,卡西米爾·維里科夫,existing-site,data/zh-TW/bestiary/bestiary-cos.json;data/zh-TW/bestiary/fluff-bestiary-cos.json
creature,Kiril Stoyanovich,CoS,基里爾·斯托亞諾維奇,existing-site,data/zh-TW/bestiary/bestiary-cos.json;data/zh-TW/bestiary/fluff-bestiary-cos.json
creature,Lady Fiona Wachter,CoS,菲奧娜·瓦赫特夫人,existing-site,data/zh-TW/bestiary/bestiary-cos.json;data/zh-TW/bestiary/fluff-bestiary-cos.json
creature,Lief Lipsiege,CoS,利夫·利普西耶吉,existing-site,data/zh-TW/bestiary/bestiary-cos.json;data/zh-TW/bestiary/fluff-bestiary-cos.json
creature,Ludmilla Vilisevic,CoS,魯米拉·維裡瑟威克,existing-site,data/zh-TW/bestiary/bestiary-cos.json
creature,Luvash,CoS,魯瓦斯,existing-site,data/zh-TW/bestiary/bestiary-cos.json;data/zh-TW/bestiary/fluff-bestiary-cos.json
creature,Mad Mary,CoS,瘋瑪麗,existing-site,data/zh-TW/bestiary/bestiary-cos.json;data/zh-TW/bestiary/fluff-bestiary-cos.json
creature,Madam Eva,CoS,伊娃夫人,existing-site,data/zh-TW/bestiary/bestiary-cos.json;data/zh-TW/bestiary/bestiary-rhw.json;data/zh-TW/bestiary/fluff-bestiary-cos.json;data/zh-TW/bestiary/fluff-bestiary-rhw.json
creature,Majesto,CoS,瑪傑斯託,existing-site,data/zh-TW/bestiary/bestiary-cos.json;data/zh-TW/bestiary/fluff-bestiary-cos.json
creature,Marzena Belview,CoS,瑪澤娜·貝爾維,existing-site,data/zh-TW/bestiary/bestiary-cos.json
creature,Milivoj,CoS,米利沃伊,existing-site,data/zh-TW/bestiary/bestiary-cos.json;data/zh-TW/bestiary/fluff-bestiary-cos.json
creature,Mishka Belview,CoS,米什卡·貝爾維,existing-site,data/zh-TW/bestiary/bestiary-cos.json
creature,Mongrelfolk,CoS,混種人,existing-site,data/zh-TW/bestiary/bestiary-cos.json;data/zh-TW/bestiary/fluff-bestiary-cos.json
creature,Morgantha,CoS,摩甘薩,existing-site,data/zh-TW/bestiary/bestiary-cos.json
creature,Nikolai Wachter,CoS,尼古拉·瓦赫特,existing-site,data/zh-TW/bestiary/bestiary-cos.json
creature,Otto Belview,CoS,奧圖·貝爾維,existing-site,data/zh-TW/bestiary/bestiary-cos.json;data/zh-TW/bestiary/fluff-bestiary-cos.json
creature,Parriwimple,CoS,傻帽,existing-site,data/zh-TW/bestiary/bestiary-cos.json
creature,Patrina Velikovna,CoS,帕特里娜·維里科芙納,existing-site,data/zh-TW/bestiary/bestiary-cos.json;data/zh-TW/bestiary/fluff-bestiary-cos.json
creature,Phantom Warrior,CoS,魅影武者,existing-site,data/zh-TW/bestiary/bestiary-cos.json;data/zh-TW/bestiary/fluff-bestiary-cos.json
creature,Piccolo,CoS,小笛子,existing-site,data/zh-TW/bestiary/bestiary-cos.json;data/zh-TW/bestiary/fluff-bestiary-cos.json
creature,Pidlwick II,CoS,搗蛋皮德爾二世,existing-site,data/zh-TW/bestiary/bestiary-cos.json;data/zh-TW/bestiary/fluff-bestiary-cos.json
creature,Rahadin,CoS,拉哈丁,existing-site,data/zh-TW/bestiary/bestiary-cos.json;data/zh-TW/bestiary/fluff-bestiary-cos.json
creature,Rictavio,CoS,瑞克塔維歐,existing-site,data/zh-TW/bestiary/bestiary-cos.json;data/zh-TW/bestiary/fluff-bestiary-cos.json
creature,"Rosavalda ""Rose"" Durst",CoS,"羅莎瓦爾妲""玫瑰""·杜爾斯特",existing-site,data/zh-TW/bestiary/bestiary-cos.json;data/zh-TW/bestiary/fluff-bestiary-cos.json
creature,Sangzor,CoS,桑格佐,existing-site,data/zh-TW/bestiary/bestiary-cos.json
creature,Savid,CoS,薩維德,existing-site,data/zh-TW/bestiary/bestiary-cos.json
creature,Sir Godfrey Gwilym,CoS,高德弗裡·格威利姆爵士,existing-site,data/zh-TW/bestiary/bestiary-cos.json;data/zh-TW/bestiary/fluff-bestiary-cos.json
creature,Stanimir,CoS,斯塔尼米爾,existing-site,data/zh-TW/bestiary/bestiary-cos.json
creature,Stella Wachter,CoS,斯特拉·瓦赫特,existing-site,data/zh-TW/bestiary/bestiary-cos.json
creature,Strahd von Zarovich,CoS,施特拉德·馮·扎洛維奇,existing-site,data/zh-TW/bestiary/bestiary-cos.json;data/zh-TW/bestiary/bestiary-rhw.json;data/zh-TW/bestiary/fluff-bestiary-cos.json;data/zh-TW/bestiary/fluff-bestiary-mm.json;data/zh-TW/bestiary/fluff-bestiary-rhw.json;data/zh-TW/bestiary/fluff-bestiary-tftyp.json;data/zh-TW/bestiary/legendarygroups.json
creature,Strahd zombie,CoS,施特拉德喪屍,existing-site,data/zh-TW/bestiary/bestiary-cos.json;data/zh-TW/bestiary/fluff-bestiary-cos.json
creature,Strahd's Animated Armor,CoS,施特拉德的活化盔甲,existing-site,data/zh-TW/bestiary/bestiary-cos.json;data/zh-TW/bestiary/fluff-bestiary-cos.json
creature,Strahd's animated armor,CoS,施特拉德的活化盔甲,existing-site,data/zh-TW/bestiary/bestiary-cos.json;data/zh-TW/bestiary/fluff-bestiary-cos.json
creature,Szoldar Szoldarovich,CoS,佐爾達·佐爾達洛維奇,existing-site,data/zh-TW/bestiary/bestiary-cos.json;data/zh-TW/bestiary/fluff-bestiary-cos.json
creature,The Abbot,CoS,修道院長,existing-site,data/zh-TW/bestiary/bestiary-cos.json
creature,The Mad Mage of Mount Baratok,CoS,巴拉圖克山的瘋法師,existing-site,data/zh-TW/bestiary/bestiary-cos.json
creature,"Thornboldt ""Thorn"" Durst",CoS,"索恩博爾特""荊棘""·杜爾斯特",existing-site,data/zh-TW/bestiary/bestiary-cos.json;data/zh-TW/bestiary/fluff-bestiary-cos.json
creature,Urwin Martikov,CoS,厄文·馬可夫,existing-site,data/zh-TW/bestiary/bestiary-cos.json
creature,Vasilka,CoS,瓦熙爾卡,existing-site,data/zh-TW/bestiary/bestiary-cos.json
creature,Victor Vallakovich,CoS,維克托·瓦拉科維奇,existing-site,data/zh-TW/bestiary/bestiary-cos.json;data/zh-TW/bestiary/fluff-bestiary-cos.json
creature,Vilnius,CoS,維爾紐斯,existing-site,data/zh-TW/bestiary/bestiary-cos.json;data/zh-TW/bestiary/fluff-bestiary-cos.json
creature,Vistana assassin,CoS,維斯塔尼刺客,existing-site,data/zh-TW/bestiary/bestiary-cos.json
creature,Vistana bandit,CoS,維斯塔尼人匪徒,existing-site,data/zh-TW/bestiary/bestiary-cos.json
creature,Vistana bandit,cos,維斯塔尼人匪徒,existing-site,data/zh-TW/bestiary/bestiary-cos.json
creature,Vladimir Horngaard,CoS,弗拉基米爾·霍恩嘉德,existing-site,data/zh-TW/bestiary/bestiary-cos.json;data/zh-TW/bestiary/fluff-bestiary-cos.json
creature,Volenta Popofsky,CoS,瓦倫塔·波波夫斯基,existing-site,data/zh-TW/bestiary/bestiary-cos.json
creature,Wereraven,VRGR,鴉人,existing-site,data/zh-TW/bestiary/bestiary-rhw.json;data/zh-TW/bestiary/bestiary-vrgr.json;data/zh-TW/bestiary/fluff-bestiary-rhw.json;data/zh-TW/bestiary/fluff-bestiary-vrgr.json
creature,Yevgeni Krushkin,CoS,葉甫根尼·克魯什金,existing-site,data/zh-TW/bestiary/bestiary-cos.json;data/zh-TW/bestiary/fluff-bestiary-cos.json
creature,Zuleika Toranescu,CoS,朱萊卡·託蘭涅斯庫,existing-site,data/zh-TW/bestiary/bestiary-cos.json;data/zh-TW/bestiary/fluff-bestiary-cos.json
creature,Zygfrek Belview,CoS,吉格芙裡克·貝爾維,existing-site,data/zh-TW/bestiary/bestiary-cos.json;data/zh-TW/bestiary/fluff-bestiary-cos.json
creature,acolyte,MM,侍僧,existing-site,data/zh-TW/bestiary/bestiary-mm.json;data/zh-TW/bestiary/fluff-bestiary-mm.json;data/zh-TW/character-options/backgrounds.json;data/zh-TW/character-options/fluff-backgrounds.json
creature,amber golem,CoS,琥珀魔像,existing-site,data/zh-TW/bestiary/bestiary-cos.json;data/zh-TW/bestiary/fluff-bestiary-cos.json
creature,animated armor,MM,活化盔甲,existing-site,data/zh-TW/bestiary/bestiary-mm.json;data/zh-TW/bestiary/bestiary-xmm.json;data/zh-TW/bestiary/fluff-bestiary-mm.json;data/zh-TW/bestiary/fluff-bestiary-xmm.json
creature,arcanaloth,MM,奧法羅斯魔,existing-site,data/zh-TW/bestiary/bestiary-mm.json;data/zh-TW/bestiary/bestiary-xmm.json;data/zh-TW/bestiary/fluff-bestiary-mm.json;data/zh-TW/bestiary/fluff-bestiary-xmm.json
creature,archmage,MM,大法師,existing-site,data/zh-TW/bestiary/bestiary-mm.json;data/zh-TW/bestiary/bestiary-xmm.json;data/zh-TW/bestiary/fluff-bestiary-mm.json;data/zh-TW/bestiary/fluff-bestiary-xmm.json
creature,assassin,MM,刺客,existing-site,data/zh-TW/bestiary/bestiary-mm.json;data/zh-TW/bestiary/bestiary-xmm.json;data/zh-TW/bestiary/fluff-bestiary-mm.json;data/zh-TW/bestiary/fluff-bestiary-xmm.json;data/zh-TW/class/class-rogue.json;data/zh-TW/class/fluff-class-rogue.json
creature,baboon,MM,狒狒,existing-site,data/zh-TW/bestiary/bestiary-mm.json;data/zh-TW/bestiary/bestiary-xmm.json;data/zh-TW/bestiary/fluff-bestiary-xmm.json
creature,banshee,MM,報喪妖,existing-site,data/zh-TW/bestiary/bestiary-mm.json;data/zh-TW/bestiary/bestiary-xmm.json;data/zh-TW/bestiary/fluff-bestiary-mm.json;data/zh-TW/bestiary/fluff-bestiary-xmm.json
creature,bat,MM,蝙蝠,existing-site,data/zh-TW/bestiary/bestiary-mm.json;data/zh-TW/bestiary/bestiary-xmm.json;data/zh-TW/bestiary/fluff-bestiary-mm.json;data/zh-TW/bestiary/fluff-bestiary-xmm.json
creature,berserker,MM,狂戰士,existing-site,data/zh-TW/bestiary/bestiary-mm.json;data/zh-TW/bestiary/bestiary-xmm.json;data/zh-TW/bestiary/fluff-bestiary-mm.json;data/zh-TW/bestiary/fluff-bestiary-xmm.json
creature,black pudding,MM,黑布丁,existing-site,data/zh-TW/bestiary/bestiary-mm.json;data/zh-TW/bestiary/bestiary-xmm.json;data/zh-TW/bestiary/fluff-bestiary-mm.json;data/zh-TW/bestiary/fluff-bestiary-xmm.json
creature,broom of animated attack,CoS,活化戰鬥掃帚,existing-site,data/zh-TW/bestiary/bestiary-cos.json;data/zh-TW/bestiary/fluff-bestiary-cos.json
creature,cat,MM,貓,existing-site,data/zh-TW/bestiary/bestiary-mm.json;data/zh-TW/bestiary/bestiary-xmm.json;data/zh-TW/bestiary/fluff-bestiary-xmm.json;data/zh-TW/class/class-wizard.json
creature,clay golem,MM,粘土魔像,existing-site,data/zh-TW/bestiary/bestiary-mm.json;data/zh-TW/bestiary/bestiary-xmm.json;data/zh-TW/bestiary/fluff-bestiary-mm.json;data/zh-TW/bestiary/fluff-bestiary-xmm.json
creature,commoner,MM,平民,existing-site,data/zh-TW/bestiary/bestiary-mm.json;data/zh-TW/bestiary/bestiary-wtthc.json;data/zh-TW/bestiary/bestiary-xmm.json;data/zh-TW/bestiary/fluff-bestiary-mm.json;data/zh-TW/bestiary/fluff-bestiary-wtthc.json;data/zh-TW/bestiary/fluff-bestiary-xmm.json
creature,crawling claw,MM,蠕行之爪,existing-site,data/zh-TW/bestiary/bestiary-mm.json;data/zh-TW/bestiary/bestiary-xmm.json;data/zh-TW/bestiary/fluff-bestiary-mm.json;data/zh-TW/bestiary/fluff-bestiary-xmm.json
creature,cult fanatic,MM,邪教狂信者,existing-site,data/zh-TW/bestiary/bestiary-mm.json;data/zh-TW/bestiary/fluff-bestiary-mm.json
creature,death slaad,MM,史拉亡蟾,existing-site,data/zh-TW/bestiary/bestiary-mm.json;data/zh-TW/bestiary/bestiary-xmm.json;data/zh-TW/bestiary/fluff-bestiary-mm.json;data/zh-TW/bestiary/fluff-bestiary-xmm.json
creature,deva,MM,天神使徒,existing-site,data/zh-TW/bestiary/bestiary-mm.json;data/zh-TW/bestiary/bestiary-xmm.json;data/zh-TW/bestiary/fluff-bestiary-mm.json;data/zh-TW/bestiary/fluff-bestiary-xmm.json
creature,dire wolf,MM,恐狼,existing-site,data/zh-TW/bestiary/bestiary-mm.json;data/zh-TW/bestiary/bestiary-xmm.json;data/zh-TW/bestiary/fluff-bestiary-mm.json;data/zh-TW/bestiary/fluff-bestiary-xmm.json
creature,draft horse,MM,馱用馬,existing-site,data/zh-TW/bestiary/bestiary-mm.json;data/zh-TW/bestiary/bestiary-xmm.json;data/zh-TW/bestiary/fluff-bestiary-xmm.json;data/zh-TW/items/items-001.json
creature,dretch,MM,怯魔,existing-site,data/zh-TW/bestiary/bestiary-mm.json;data/zh-TW/bestiary/bestiary-wtthc.json;data/zh-TW/bestiary/bestiary-xmm.json;data/zh-TW/bestiary/fluff-bestiary-mm.json;data/zh-TW/bestiary/fluff-bestiary-wtthc.json;data/zh-TW/bestiary/fluff-bestiary-xmm.json
creature,druid,MM,德魯伊,existing-site,data/zh-TW/bestiary/bestiary-mm.json;data/zh-TW/bestiary/bestiary-xmm.json;data/zh-TW/bestiary/fluff-bestiary-mm.json;data/zh-TW/bestiary/fluff-bestiary-xmm.json;data/zh-TW/class/class-druid.json;data/zh-TW/class/fluff-class-druid.json
creature,flesh golem,MM,血肉魔像,existing-site,data/zh-TW/bestiary/bestiary-mm.json;data/zh-TW/bestiary/bestiary-xmm.json;data/zh-TW/bestiary/fluff-bestiary-mm.json;data/zh-TW/bestiary/fluff-bestiary-xmm.json
creature,flying sword,MM,凌空劍,existing-site,data/zh-TW/bestiary/bestiary-mm.json;data/zh-TW/bestiary/bestiary-xmm.json;data/zh-TW/bestiary/fluff-bestiary-mm.json
creature,gargoyle,MM,石像鬼,existing-site,data/zh-TW/bestiary/bestiary-mm.json;data/zh-TW/bestiary/bestiary-xmm.json;data/zh-TW/bestiary/fluff-bestiary-mm.json;data/zh-TW/bestiary/fluff-bestiary-xmm.json
creature,ghost,MM,幽魂,existing-site,data/zh-TW/bestiary/bestiary-mm.json;data/zh-TW/bestiary/bestiary-xmm.json;data/zh-TW/bestiary/fluff-bestiary-mm.json;data/zh-TW/bestiary/fluff-bestiary-xmm.json;data/zh-TW/rules/variantrules.json
creature,giant goat,MM,巨山羊,existing-site,data/zh-TW/bestiary/bestiary-mm.json;data/zh-TW/bestiary/bestiary-xmm.json;data/zh-TW/bestiary/fluff-bestiary-xmm.json
creature,gladiator,MM,角鬥士,existing-site,data/zh-TW/bestiary/bestiary-mm.json;data/zh-TW/bestiary/bestiary-xmm.json;data/zh-TW/bestiary/fluff-bestiary-mm.json;data/zh-TW/bestiary/fluff-bestiary-xmm.json
creature,gray ooze,MM,灰泥怪,existing-site,data/zh-TW/bestiary/bestiary-mm.json;data/zh-TW/bestiary/bestiary-xmm.json;data/zh-TW/bestiary/fluff-bestiary-mm.json;data/zh-TW/bestiary/fluff-bestiary-xmm.json
creature,grick,MM,穴居攫怪,existing-site,data/zh-TW/bestiary/bestiary-mm.json;data/zh-TW/bestiary/bestiary-xmm.json;data/zh-TW/bestiary/fluff-bestiary-mm.json;data/zh-TW/bestiary/fluff-bestiary-xmm.json
creature,guard,MM,警衛,existing-site,data/zh-TW/bestiary/bestiary-mm.json;data/zh-TW/bestiary/bestiary-wtthc.json;data/zh-TW/bestiary/bestiary-xmm.json;data/zh-TW/bestiary/fluff-bestiary-mm.json;data/zh-TW/bestiary/fluff-bestiary-wtthc.json;data/zh-TW/bestiary/fluff-bestiary-xmm.json;data/zh-TW/character-options/backgrounds.json;data/zh-TW/character-options/fluff-backgrounds.json
creature,guardian portrait,CoS,畫中守衛,existing-site,data/zh-TW/bestiary/bestiary-cos.json;data/zh-TW/bestiary/fluff-bestiary-cos.json;data/zh-TW/items/items-001.json
creature,imp,MM,小魔鬼,existing-site,data/zh-TW/bestiary/bestiary-mm.json;data/zh-TW/bestiary/bestiary-xmm.json;data/zh-TW/bestiary/fluff-bestiary-mm.json;data/zh-TW/bestiary/fluff-bestiary-xmm.json
creature,invisible stalker,MM,隱形追獵者,existing-site,data/zh-TW/bestiary/bestiary-mm.json;data/zh-TW/bestiary/bestiary-xmm.json;data/zh-TW/bestiary/fluff-bestiary-mm.json;data/zh-TW/bestiary/fluff-bestiary-xmm.json
creature,knight,MM,騎士,existing-site,data/zh-TW/bestiary/bestiary-mm.json;data/zh-TW/bestiary/bestiary-xmm.json;data/zh-TW/bestiary/fluff-bestiary-mm.json;data/zh-TW/bestiary/fluff-bestiary-xmm.json;data/zh-TW/items/items-001.json
creature,knight of the Order,CoS,教團騎士,existing-site,data/zh-TW/bestiary/bestiary-cos.json;data/zh-TW/character-options/backgrounds.json;data/zh-TW/character-options/fluff-backgrounds.json
creature,knight of the order,CoS,教團騎士,existing-site,data/zh-TW/bestiary/bestiary-cos.json;data/zh-TW/character-options/backgrounds.json;data/zh-TW/character-options/fluff-backgrounds.json
creature,lich,MM,巫妖,existing-site,data/zh-TW/bestiary/bestiary-mm.json;data/zh-TW/bestiary/bestiary-xmm.json;data/zh-TW/bestiary/fluff-bestiary-mm.json;data/zh-TW/bestiary/fluff-bestiary-xmm.json;data/zh-TW/bestiary/legendarygroups.json
creature,mage,MM,魔法師,existing-site,data/zh-TW/bestiary/bestiary-mm.json;data/zh-TW/bestiary/bestiary-xmm.json;data/zh-TW/bestiary/fluff-bestiary-mm.json;data/zh-TW/bestiary/fluff-bestiary-xmm.json;data/zh-TW/items/items-001.json
creature,mimic,MM,擬身怪,existing-site,data/zh-TW/bestiary/bestiary-mm.json;data/zh-TW/bestiary/bestiary-xmm.json;data/zh-TW/bestiary/fluff-bestiary-mm.json;data/zh-TW/bestiary/fluff-bestiary-xmm.json
creature,mongrelfolk,CoS,混種人,existing-site,data/zh-TW/bestiary/bestiary-cos.json;data/zh-TW/bestiary/fluff-bestiary-cos.json
creature,mule,MM,騾子,existing-site,data/zh-TW/bestiary/bestiary-mm.json;data/zh-TW/bestiary/bestiary-xmm.json;data/zh-TW/bestiary/fluff-bestiary-xmm.json;data/zh-TW/items/items-004.json
creature,night hag,MM,夜鬼婆,existing-site,data/zh-TW/bestiary/bestiary-mm.json;data/zh-TW/bestiary/bestiary-xmm.json;data/zh-TW/bestiary/fluff-bestiary-mm.json;data/zh-TW/bestiary/fluff-bestiary-xmm.json;data/zh-TW/bestiary/legendarygroups.json
creature,nightmare,MM,夢魘,existing-site,data/zh-TW/bestiary/bestiary-mabjov.json;data/zh-TW/bestiary/bestiary-mm.json;data/zh-TW/bestiary/bestiary-xmm.json;data/zh-TW/bestiary/fluff-bestiary-mm.json;data/zh-TW/bestiary/fluff-bestiary-xmm.json
creature,noble,MM,貴族,existing-site,data/zh-TW/bestiary/bestiary-mm.json;data/zh-TW/bestiary/bestiary-xmm.json;data/zh-TW/bestiary/fluff-bestiary-mm.json;data/zh-TW/bestiary/fluff-bestiary-xmm.json;data/zh-TW/character-options/backgrounds.json;data/zh-TW/character-options/fluff-backgrounds.json
creature,phantom warrior,CoS,魅影武者,existing-site,data/zh-TW/bestiary/bestiary-cos.json;data/zh-TW/bestiary/fluff-bestiary-cos.json
creature,poltergeist,MM,騷靈,existing-site,data/zh-TW/bestiary/bestiary-mm.json;data/zh-TW/bestiary/bestiary-xmm.json;data/zh-TW/bestiary/fluff-bestiary-mm.json;data/zh-TW/bestiary/fluff-bestiary-xmm.json
creature,priest,MM,祭司,existing-site,data/zh-TW/bestiary/bestiary-mm.json;data/zh-TW/bestiary/bestiary-xmm.json;data/zh-TW/bestiary/fluff-bestiary-mm.json;data/zh-TW/bestiary/fluff-bestiary-xmm.json;data/zh-TW/items/items-001.json
creature,quasit,MM,小惡魔,existing-site,data/zh-TW/bestiary/bestiary-mm.json;data/zh-TW/bestiary/bestiary-xmm.json;data/zh-TW/bestiary/fluff-bestiary-mm.json;data/zh-TW/bestiary/fluff-bestiary-xmm.json
creature,raven,MM,渡鴉,existing-site,data/zh-TW/bestiary/bestiary-mm.json;data/zh-TW/bestiary/bestiary-xmm.json;data/zh-TW/bestiary/fluff-bestiary-mm.json;data/zh-TW/bestiary/fluff-bestiary-xmm.json
creature,revenant,MM,還魂鬼,existing-site,data/zh-TW/bestiary/bestiary-mm.json;data/zh-TW/bestiary/bestiary-xmm.json;data/zh-TW/bestiary/fluff-bestiary-cos.json;data/zh-TW/bestiary/fluff-bestiary-mm.json;data/zh-TW/bestiary/fluff-bestiary-xmm.json
creature,riding horse,MM,乘用馬,existing-site,data/zh-TW/bestiary/bestiary-mm.json;data/zh-TW/bestiary/bestiary-xmm.json;data/zh-TW/bestiary/fluff-bestiary-mm.json;data/zh-TW/bestiary/fluff-bestiary-xmm.json;data/zh-TW/items/items-005.json
creature,roc,MM,鵬鳥,existing-site,data/zh-TW/bestiary/bestiary-mm.json;data/zh-TW/bestiary/bestiary-xmm.json;data/zh-TW/bestiary/fluff-bestiary-mm.json;data/zh-TW/bestiary/fluff-bestiary-xmm.json
creature,rug of smothering,MM,悶人毯,existing-site,data/zh-TW/bestiary/bestiary-mm.json;data/zh-TW/bestiary/fluff-bestiary-mm.json
creature,saber-toothed tiger,MM,劍齒虎,existing-site,data/zh-TW/bestiary/bestiary-mm.json;data/zh-TW/bestiary/bestiary-xmm.json;data/zh-TW/bestiary/fluff-bestiary-xmm.json
creature,scarecrow,MM,稻草人,existing-site,data/zh-TW/bestiary/bestiary-mm.json;data/zh-TW/bestiary/bestiary-wtthc.json;data/zh-TW/bestiary/bestiary-xmm.json;data/zh-TW/bestiary/fluff-bestiary-mm.json;data/zh-TW/bestiary/fluff-bestiary-wtthc.json;data/zh-TW/bestiary/fluff-bestiary-xmm.json
creature,scout,MM,斥侯,existing-site,data/zh-TW/bestiary/bestiary-mm.json;data/zh-TW/bestiary/bestiary-xmm.json;data/zh-TW/bestiary/fluff-bestiary-mm.json;data/zh-TW/bestiary/fluff-bestiary-xmm.json;data/zh-TW/class/class-rogue.json;data/zh-TW/class/fluff-class-rogue.json
creature,shadow,MM,幽影,existing-site,data/zh-TW/bestiary/bestiary-mm.json;data/zh-TW/bestiary/bestiary-wtthc.json;data/zh-TW/bestiary/bestiary-xmm.json;data/zh-TW/bestiary/fluff-bestiary-mm.json;data/zh-TW/bestiary/fluff-bestiary-wtthc.json;data/zh-TW/bestiary/fluff-bestiary-xmm.json
creature,shadow demon,MM,幽影惡魔,existing-site,data/zh-TW/bestiary/bestiary-mm.json;data/zh-TW/bestiary/bestiary-xmm.json;data/zh-TW/bestiary/fluff-bestiary-mm.json;data/zh-TW/bestiary/fluff-bestiary-xmm.json
creature,shambling mound,MM,蔓生怪,existing-site,data/zh-TW/bestiary/bestiary-mm.json;data/zh-TW/bestiary/bestiary-xmm.json;data/zh-TW/bestiary/fluff-bestiary-mm.json;data/zh-TW/bestiary/fluff-bestiary-xmm.json
creature,shield guardian,MM,構裝盾衛,existing-site,data/zh-TW/bestiary/bestiary-mm.json;data/zh-TW/bestiary/bestiary-xmm.json;data/zh-TW/bestiary/fluff-bestiary-mm.json;data/zh-TW/bestiary/fluff-bestiary-xmm.json
creature,skeleton,MM,骷髏,existing-site,data/zh-TW/bestiary/bestiary-mm.json;data/zh-TW/bestiary/bestiary-xmm.json;data/zh-TW/bestiary/fluff-bestiary-mm.json;data/zh-TW/bestiary/fluff-bestiary-xmm.json;data/zh-TW/character-options/races.json
creature,smoke mephit,MM,煙魔蝠,existing-site,data/zh-TW/bestiary/bestiary-mm.json;data/zh-TW/bestiary/bestiary-xmm.json;data/zh-TW/bestiary/fluff-bestiary-mm.json;data/zh-TW/bestiary/fluff-bestiary-xmm.json
creature,snow maiden,CoS,雪女,existing-site,data/zh-TW/bestiary/bestiary-cos.json
creature,specter,MM,惡靈,existing-site,data/zh-TW/bestiary/bestiary-mm.json;data/zh-TW/bestiary/bestiary-xmm.json;data/zh-TW/bestiary/fluff-bestiary-mm.json;data/zh-TW/bestiary/fluff-bestiary-xmm.json
creature,spy,MM,間諜,existing-site,data/zh-TW/bestiary/bestiary-mm.json;data/zh-TW/bestiary/bestiary-xmm.json;data/zh-TW/bestiary/fluff-bestiary-mm.json;data/zh-TW/bestiary/fluff-bestiary-xmm.json;data/zh-TW/reference-pages/charcreationoptions.json
creature,stone golem,MM,石魔像,existing-site,data/zh-TW/bestiary/bestiary-mm.json;data/zh-TW/bestiary/bestiary-xmm.json;data/zh-TW/bestiary/fluff-bestiary-mm.json;data/zh-TW/bestiary/fluff-bestiary-xmm.json
creature,swarm of bats,MM,蝙蝠群,existing-site,data/zh-TW/bestiary/bestiary-mm.json;data/zh-TW/bestiary/bestiary-xmm.json;data/zh-TW/bestiary/fluff-bestiary-mm.json;data/zh-TW/bestiary/fluff-bestiary-xmm.json
creature,swarm of poisonous snakes,MM,毒蛇群,existing-site,data/zh-TW/bestiary/bestiary-mm.json;data/zh-TW/bestiary/fluff-bestiary-mm.json
creature,swarm of rats,MM,鼠群,existing-site,data/zh-TW/bestiary/bestiary-mm.json;data/zh-TW/bestiary/bestiary-xmm.json;data/zh-TW/bestiary/fluff-bestiary-mm.json;data/zh-TW/bestiary/fluff-bestiary-xmm.json
creature,swarm of ravens,MM,渡鴉群,existing-site,data/zh-TW/bestiary/bestiary-mm.json;data/zh-TW/bestiary/bestiary-xmm.json;data/zh-TW/bestiary/fluff-bestiary-mm.json;data/zh-TW/bestiary/fluff-bestiary-xmm.json
creature,the Abbot,CoS,修道院長,existing-site,data/zh-TW/bestiary/bestiary-cos.json
creature,the Mad Mage of Mount Baratok,CoS,巴拉圖克山的瘋法師,existing-site,data/zh-TW/bestiary/bestiary-cos.json
creature,tree blight,CoS,枯樹怪,existing-site,data/zh-TW/bestiary/bestiary-cos.json;data/zh-TW/bestiary/bestiary-xmm.json;data/zh-TW/bestiary/fluff-bestiary-cos.json;data/zh-TW/bestiary/fluff-bestiary-xmm.json
creature,vampire,MM,吸血鬼,existing-site,data/zh-TW/bestiary/bestiary-mm.json;data/zh-TW/bestiary/bestiary-xmm.json;data/zh-TW/bestiary/fluff-bestiary-ggr.json;data/zh-TW/bestiary/fluff-bestiary-mm.json;data/zh-TW/bestiary/fluff-bestiary-xmm.json;data/zh-TW/bestiary/legendarygroups.json;data/zh-TW/character-options/fluff-races.json;data/zh-TW/character-options/races.json
creature,vampire spawn,MM,初生吸血鬼,existing-site,data/zh-TW/bestiary/bestiary-mm.json;data/zh-TW/bestiary/bestiary-xmm.json;data/zh-TW/bestiary/fluff-bestiary-mm.json;data/zh-TW/bestiary/fluff-bestiary-xmm.json
creature,veteran,MM,老兵,existing-site,data/zh-TW/bestiary/bestiary-mm.json;data/zh-TW/bestiary/fluff-bestiary-mm.json
creature,warhorse skeleton,MM,骷髏戰馬,existing-site,data/zh-TW/bestiary/bestiary-mm.json;data/zh-TW/bestiary/bestiary-xmm.json;data/zh-TW/bestiary/fluff-bestiary-mm.json;data/zh-TW/bestiary/fluff-bestiary-xmm.json
creature,wereraven,VRGR,鴉人,existing-site,data/zh-TW/bestiary/bestiary-rhw.json;data/zh-TW/bestiary/bestiary-vrgr.json;data/zh-TW/bestiary/fluff-bestiary-rhw.json;data/zh-TW/bestiary/fluff-bestiary-vrgr.json
creature,werewolf,MM,狼人,existing-site,data/zh-TW/bestiary/bestiary-mm.json;data/zh-TW/bestiary/bestiary-xmm.json;data/zh-TW/bestiary/fluff-bestiary-mm.json;data/zh-TW/bestiary/fluff-bestiary-tftyp.json;data/zh-TW/bestiary/fluff-bestiary-xmm.json
creature,will-o'-wisp,MM,鬼火,existing-site,data/zh-TW/bestiary/bestiary-mm.json;data/zh-TW/bestiary/bestiary-xmm.json;data/zh-TW/bestiary/fluff-bestiary-mm.json;data/zh-TW/bestiary/fluff-bestiary-xmm.json
creature,wraith,MM,邪靈,existing-site,data/zh-TW/bestiary/bestiary-mm.json;data/zh-TW/bestiary/bestiary-ps-z.json;data/zh-TW/bestiary/bestiary-xmm.json;data/zh-TW/bestiary/fluff-bestiary-mm.json;data/zh-TW/bestiary/fluff-bestiary-ps-z.json;data/zh-TW/bestiary/fluff-bestiary-xmm.json
creature,young blue dragon,MM,青年藍龍,existing-site,data/zh-TW/bestiary/bestiary-mm.json;data/zh-TW/bestiary/bestiary-xmm.json;data/zh-TW/bestiary/fluff-bestiary-mm.json;data/zh-TW/bestiary/fluff-bestiary-xmm.json
item,Blood Spear,CoS,血矛,existing-site,data/zh-TW/items/fluff-items.json;data/zh-TW/items/items-000.json
item,Daern's instant fortress,DMG,迪恩的摺疊要塞,existing-site,data/zh-TW/items/fluff-items.json;data/zh-TW/items/items-001.json
item,Gulthias Staff,CoS,甘提亞斯法杖,existing-site,data/zh-TW/items/fluff-items.json;data/zh-TW/items/items-003.json
item,Gulthias staff,CoS,甘提亞斯法杖,existing-site,data/zh-TW/items/fluff-items.json;data/zh-TW/items/items-003.json
item,Holy Symbol of Ravenkind,CoS,鴉族聖徽,existing-site,data/zh-TW/items/fluff-items.json;data/zh-TW/items/items-003.json
item,Icon of Ravenloft,CoS,鴉閣聖像,existing-site,data/zh-TW/items/fluff-items.json;data/zh-TW/items/items-003.json
item,Riding horse,PHB,乘用馬,existing-site,data/zh-TW/bestiary/bestiary-mm.json;data/zh-TW/bestiary/bestiary-xmm.json;data/zh-TW/bestiary/fluff-bestiary-mm.json;data/zh-TW/bestiary/fluff-bestiary-xmm.json;data/zh-TW/items/items-005.json
item,Rowboat,DMG,划艇,existing-site,data/zh-TW/items/items-006.json
item,Saint Markovia's Thighbone,CoS,聖馬柯維婭的股骨,existing-site,data/zh-TW/items/fluff-items.json;data/zh-TW/items/items-006.json
item,Saint Markovia's thighbone,CoS,聖馬柯維婭的股骨,existing-site,data/zh-TW/items/fluff-items.json;data/zh-TW/items/items-006.json
item,Spell scroll,DMG,法術卷軸,existing-site,data/zh-TW/items/fluff-items.json;data/zh-TW/items/item-groups.json
item,Sunsword,CoS,太陽劍,existing-site,data/zh-TW/items/fluff-items.json;data/zh-TW/items/items-007.json
item,Tome of Strahd,CoS,施特拉德手記,existing-site,data/zh-TW/items/fluff-items.json;data/zh-TW/items/items-007.json
item,alchemy jug,DMG,鍊金壺,existing-site,data/zh-TW/items/fluff-items.json;data/zh-TW/items/items-000.json
item,amulet of proof against detection and location,DMG,反偵護符,existing-site,data/zh-TW/items/fluff-items.json;data/zh-TW/items/items-000.json
item,battleaxe,PHB,戰斧,existing-site,data/zh-TW/bestiary/bestiary-bgg.json;data/zh-TW/bestiary/bestiary-cos.json;data/zh-TW/bestiary/bestiary-idrotf.json;data/zh-TW/bestiary/bestiary-imr.json;data/zh-TW/bestiary/bestiary-mm.json;data/zh-TW/bestiary/bestiary-mpmm.json;data/zh-TW/bestiary/bestiary-pabtso.json;data/zh-TW/bestiary/bestiary-skt.json;data/zh-TW/bestiary/bestiary-tftyp.json;data/zh-TW/bestiary/bestiary-toa.json;data/zh-TW/bestiary/bestiary-vrgr.json;data/zh-TW/bestiary/bestiary-wdmm.json;data/zh-TW/bestiary/bestiary-xmm.json;data/zh-TW/items/fluff-items.json;data/zh-TW/items/items-base.json
item,belt of fire giant strength,DMG,火巨人力量腰帶,existing-site,data/zh-TW/items/fluff-items.json;data/zh-TW/items/items-000.json
item,blood spear,CoS,血矛,existing-site,data/zh-TW/items/fluff-items.json;data/zh-TW/items/items-000.json
item,broom of flying,DMG,飛天掃帚,existing-site,data/zh-TW/items/fluff-items.json;data/zh-TW/items/items-001.json
item,bullseye lantern,PHB,牛眼提燈,existing-site,data/zh-TW/items/items-001.json
item,carnelian,DMG,紅玉髓,existing-site,data/zh-TW/items/items-001.json
item,chain mail,PHB,鍊甲,existing-site,data/zh-TW/items/fluff-items.json;data/zh-TW/items/items-base.json
item,chain shirt,PHB,鍊甲衫,existing-site,data/zh-TW/items/fluff-items.json;data/zh-TW/items/items-base.json
item,climber's kit,PHB,攀爬工具,existing-site,data/zh-TW/items/items-001.json
item,cloak of protection,DMG,防護斗篷,existing-site,data/zh-TW/items/fluff-items.json;data/zh-TW/items/items-001.json
item,crowbar,PHB,撬棍,existing-site,data/zh-TW/items/items-001.json
item,dagger,PHB,匕首,existing-site,data/zh-TW/bestiary/bestiary-ai.json;data/zh-TW/bestiary/bestiary-aitfr-fcd.json;data/zh-TW/bestiary/bestiary-aitfr-isf.json;data/zh-TW/bestiary/bestiary-bam.json;data/zh-TW/bestiary/bestiary-bgdia.json;data/zh-TW/bestiary/bestiary-cm.json;data/zh-TW/bestiary/bestiary-coa.json;data/zh-TW/bestiary/bestiary-cos.json;data/zh-TW/bestiary/bestiary-crcotn.json;data/zh-TW/bestiary/bestiary-dc.json;data/zh-TW/bestiary/bestiary-dip.json;data/zh-TW/bestiary/bestiary-dosi.json;data/zh-TW/bestiary/bestiary-dsotdq.json;data/zh-TW/bestiary/bestiary-efa.json;data/zh-TW/bestiary/bestiary-egw.json;data/zh-TW/bestiary/bestiary-erlw.json;data/zh-TW/bestiary/bestiary-esk.json;data/zh-TW/bestiary/bestiary-ftd.json;data/zh-TW/bestiary/bestiary-ggr.json;data/zh-TW/bestiary/bestiary-gos.json;data/zh-TW/bestiary/bestiary-hat-tg.json;data/zh-TW/bestiary/bestiary-hol.json;data/zh-TW/bestiary/bestiary-hotdq.json;data/zh-TW/bestiary/bestiary-idrotf.json;data/zh-TW/bestiary/bestiary-imr.json;data/zh-TW/bestiary/bestiary-kkw.json;data/zh-TW/bestiary/bestiary-lr.json;data/zh-TW/bestiary/bestiary-mabjov.json;data/zh-TW/bestiary/bestiary-mff.json;data/zh-TW/bestiary/bestiary-mgelft.json;data/zh-TW/bestiary/bestiary-mm.json;data/zh-TW/bestiary/bestiary-mpmm.json;data/zh-TW/bestiary/bestiary-pota.json;data/zh-TW/bestiary/bestiary-sdw.json;data/zh-TW/bestiary/bestiary-skt.json;data/zh-TW/bestiary/bestiary-slw.json;data/zh-TW/bestiary/bestiary-tftyp.json;data/zh-TW/bestiary/bestiary-toa.json;data/zh-TW/bestiary/bestiary-vgm.json;data/zh-TW/bestiary/bestiary-wbtw.json;data/zh-TW/bestiary/bestiary-wdh.json;data/zh-TW/bestiary/bestiary-xmm.json;data/zh-TW/items/fluff-items.json;data/zh-TW/items/items-base.json
item,deck of illusions,DMG,幻象牌組,existing-site,data/zh-TW/items/items-001.json
item,disguise kit,PHB,易容工具,existing-site,data/zh-TW/items/items-001.json;data/zh-TW/rules/variantrules.json
item,fine clothes,PHB,高檔服裝,existing-site,data/zh-TW/items/items-002.json
item,flail,PHB,鏈枷,existing-site,data/zh-TW/bestiary/bestiary-coa.json;data/zh-TW/bestiary/bestiary-efa.json;data/zh-TW/bestiary/bestiary-erlw.json;data/zh-TW/bestiary/bestiary-hotdq.json;data/zh-TW/bestiary/bestiary-mpmm.json;data/zh-TW/bestiary/bestiary-mtf.json;data/zh-TW/items/fluff-items.json;data/zh-TW/items/items-base.json
item,hag eye,mm,鬼婆之眼,existing-site,data/zh-TW/bestiary/bestiary-mm.json;data/zh-TW/bestiary/bestiary-vgm.json;data/zh-TW/bestiary/fluff-bestiary-mm.json;data/zh-TW/items/fluff-items.json;data/zh-TW/items/items-003.json
item,hand crossbow,PHB,手弩,existing-site,data/zh-TW/bestiary/bestiary-ai.json;data/zh-TW/bestiary/bestiary-coa.json;data/zh-TW/bestiary/bestiary-crcotn.json;data/zh-TW/bestiary/bestiary-egw.json;data/zh-TW/bestiary/bestiary-erlw.json;data/zh-TW/bestiary/bestiary-gos.json;data/zh-TW/bestiary/bestiary-mabjov.json;data/zh-TW/bestiary/bestiary-mm.json;data/zh-TW/bestiary/bestiary-mpmm.json;data/zh-TW/bestiary/bestiary-mtf.json;data/zh-TW/bestiary/bestiary-nrh-at.json;data/zh-TW/bestiary/bestiary-nrh-coi.json;data/zh-TW/bestiary/bestiary-oota.json;data/zh-TW/bestiary/bestiary-rhw.json;data/zh-TW/bestiary/bestiary-skt.json;data/zh-TW/bestiary/bestiary-tftyp.json;data/zh-TW/bestiary/bestiary-wbtw.json;data/zh-TW/bestiary/bestiary-wdh.json;data/zh-TW/bestiary/bestiary-xmm.json;data/zh-TW/items/fluff-items.json;data/zh-TW/items/items-base.json
item,hat of disguise,DMG,易容帽,existing-site,data/zh-TW/items/fluff-items.json;data/zh-TW/items/items-003.json
item,healer's kit,PHB,醫療包,existing-site,data/zh-TW/items/fluff-items.json;data/zh-TW/items/items-003.json
item,heavy crossbow,PHB,重弩,existing-site,data/zh-TW/bestiary/bestiary-aitfr-fcd.json;data/zh-TW/bestiary/bestiary-bam.json;data/zh-TW/bestiary/bestiary-bgdia.json;data/zh-TW/bestiary/bestiary-dsotdq.json;data/zh-TW/bestiary/bestiary-egw.json;data/zh-TW/bestiary/bestiary-hat-tg.json;data/zh-TW/bestiary/bestiary-idrotf.json;data/zh-TW/bestiary/bestiary-lmop.json;data/zh-TW/bestiary/bestiary-mabjov.json;data/zh-TW/bestiary/bestiary-mcv4ec.json;data/zh-TW/bestiary/bestiary-mm.json;data/zh-TW/bestiary/bestiary-mpmm.json;data/zh-TW/bestiary/bestiary-mtf.json;data/zh-TW/bestiary/bestiary-oota.json;data/zh-TW/bestiary/bestiary-pabtso.json;data/zh-TW/bestiary/bestiary-pota.json;data/zh-TW/bestiary/bestiary-skt.json;data/zh-TW/bestiary/bestiary-toa.json;data/zh-TW/bestiary/bestiary-wdh.json;data/zh-TW/bestiary/bestiary-xmm.json;data/zh-TW/items/fluff-items.json;data/zh-TW/items/items-base.json
item,helm of brilliance,DMG,光輝頭盔,existing-site,data/zh-TW/items/fluff-items.json;data/zh-TW/items/items-003.json
item,holy symbol,PHB,聖徽,existing-site,data/zh-TW/items/item-groups.json;data/zh-TW/items/items-007.json
item,hunting trap,PHB,捕獵陷阱,existing-site,data/zh-TW/items/items-003.json
item,instrument of the bards,DMG,吟遊詩人樂器,existing-site,data/zh-TW/items/fluff-items.json;data/zh-TW/items/item-groups.json
item,light crossbow,PHB,輕弩,existing-site,data/zh-TW/bestiary/bestiary-ai.json;data/zh-TW/bestiary/bestiary-bam.json;data/zh-TW/bestiary/bestiary-gos.json;data/zh-TW/bestiary/bestiary-hotb.json;data/zh-TW/bestiary/bestiary-idrotf.json;data/zh-TW/bestiary/bestiary-imr.json;data/zh-TW/bestiary/bestiary-kkw.json;data/zh-TW/bestiary/bestiary-mabjov.json;data/zh-TW/bestiary/bestiary-mm.json;data/zh-TW/bestiary/bestiary-mpmm.json;data/zh-TW/bestiary/bestiary-mtf.json;data/zh-TW/bestiary/bestiary-rhw.json;data/zh-TW/bestiary/bestiary-toa.json;data/zh-TW/bestiary/bestiary-vgm.json;data/zh-TW/bestiary/bestiary-wbtw.json;data/zh-TW/bestiary/bestiary-xmm.json;data/zh-TW/items/fluff-items.json;data/zh-TW/items/items-base.json
item,longsword,PHB,長劍,existing-site,data/zh-TW/bestiary/bestiary-ai.json;data/zh-TW/bestiary/bestiary-aitfr-fcd.json;data/zh-TW/bestiary/bestiary-bam.json;data/zh-TW/bestiary/bestiary-bgg.json;data/zh-TW/bestiary/bestiary-bmt.json;data/zh-TW/bestiary/bestiary-coa.json;data/zh-TW/bestiary/bestiary-dc.json;data/zh-TW/bestiary/bestiary-dip.json;data/zh-TW/bestiary/bestiary-dsotdq.json;data/zh-TW/bestiary/bestiary-efa.json;data/zh-TW/bestiary/bestiary-egw.json;data/zh-TW/bestiary/bestiary-erlw.json;data/zh-TW/bestiary/bestiary-esk.json;data/zh-TW/bestiary/bestiary-ftd.json;data/zh-TW/bestiary/bestiary-ggr.json;data/zh-TW/bestiary/bestiary-gos.json;data/zh-TW/bestiary/bestiary-hat-tg.json;data/zh-TW/bestiary/bestiary-hol.json;data/zh-TW/bestiary/bestiary-hotdq.json;data/zh-TW/bestiary/bestiary-lmop.json;data/zh-TW/bestiary/bestiary-mabjov.json;data/zh-TW/bestiary/bestiary-mcv4ec.json;data/zh-TW/bestiary/bestiary-mm.json;data/zh-TW/bestiary/bestiary-mot.json;data/zh-TW/bestiary/bestiary-mpmm.json;data/zh-TW/bestiary/bestiary-mtf.json;data/zh-TW/bestiary/bestiary-oota.json;data/zh-TW/bestiary/bestiary-pabtso.json;data/zh-TW/bestiary/bestiary-pota.json;data/zh-TW/bestiary/bestiary-qftis.json;data/zh-TW/bestiary/bestiary-rot.json;data/zh-TW/bestiary/bestiary-sdw.json;data/zh-TW/bestiary/bestiary-skt.json;data/zh-TW/bestiary/bestiary-slw.json;data/zh-TW/bestiary/bestiary-tftyp.json;data/zh-TW/bestiary/bestiary-toa.json;data/zh-TW/bestiary/bestiary-veor.json;data/zh-TW/bestiary/bestiary-vgm.json;data/zh-TW/bestiary/bestiary-wdh.json;data/zh-TW/bestiary/bestiary-wdmm.json;data/zh-TW/bestiary/bestiary-xmm.json;data/zh-TW/items/fluff-items.json;data/zh-TW/items/items-base.json
item,luck blade,DMG,吉兆之刃,existing-site,data/zh-TW/items/fluff-items.json;data/zh-TW/items/magicvariants.json
item,mace of terror,DMG,恐懼之錘,existing-site,data/zh-TW/items/fluff-items.json;data/zh-TW/items/items-004.json
item,manacles,PHB,鐐銬,existing-site,data/zh-TW/items/items-004.json
item,manual of bodily health,DMG,強身手冊,existing-site,data/zh-TW/items/fluff-items.json;data/zh-TW/items/items-004.json
item,mess kit,PHB,野炊工具,existing-site,data/zh-TW/items/items-004.json
item,morningstar,PHB,釘頭錘,existing-site,data/zh-TW/bestiary/bestiary-bam.json;data/zh-TW/bestiary/bestiary-bgg.json;data/zh-TW/bestiary/bestiary-erlw.json;data/zh-TW/bestiary/bestiary-gos.json;data/zh-TW/bestiary/bestiary-hotdq.json;data/zh-TW/bestiary/bestiary-imr.json;data/zh-TW/bestiary/bestiary-mm.json;data/zh-TW/bestiary/bestiary-mpmm.json;data/zh-TW/bestiary/bestiary-mtf.json;data/zh-TW/bestiary/bestiary-pota.json;data/zh-TW/bestiary/bestiary-skt.json;data/zh-TW/bestiary/bestiary-vgm.json;data/zh-TW/bestiary/bestiary-wdh.json;data/zh-TW/bestiary/bestiary-xmm.json;data/zh-TW/items/fluff-items.json;data/zh-TW/items/items-base.json
item,musket,DMG,滑膛槍,existing-site,data/zh-TW/bestiary/bestiary-bam.json;data/zh-TW/bestiary/bestiary-mpmm.json;data/zh-TW/bestiary/bestiary-mtf.json;data/zh-TW/items/fluff-items.json;data/zh-TW/items/items-base.json
item,oil of sharpness,DMG,銳鋒之油,existing-site,data/zh-TW/items/items-004.json
item,pale tincture,DMG,蒼白酊劑,existing-site,data/zh-TW/items/items-004.json
item,pipes of haunting,DMG,顫慄樂笙,existing-site,data/zh-TW/items/fluff-items.json;data/zh-TW/items/items-004.json
item,poisoner's kit,PHB,毒藥工具,existing-site,data/zh-TW/items/items-005.json;data/zh-TW/rules/variantrules.json
item,potion of greater healing,DMG,高等治療藥水,existing-site,data/zh-TW/items/items-005.json
item,potion of healing,DMG,治療藥水,existing-site,data/zh-TW/items/fluff-items.json;data/zh-TW/items/items-005.json
item,potion of heroism,DMG,英勇藥水,existing-site,data/zh-TW/items/items-005.json
item,potion of poison,DMG,劇毒藥水,existing-site,data/zh-TW/items/items-005.json
item,ring of evasion,DMG,反射閃避戒指,existing-site,data/zh-TW/items/fluff-items.json;data/zh-TW/items/items-005.json
item,ring of mind shielding,DMG,心靈護盾戒指,existing-site,data/zh-TW/items/fluff-items.json;data/zh-TW/items/items-005.json
item,ring of regeneration,DMG,再生戒指,existing-site,data/zh-TW/items/fluff-items.json;data/zh-TW/items/items-005.json
item,ring of warmth,DMG,溫暖戒指,existing-site,data/zh-TW/items/fluff-items.json;data/zh-TW/items/items-005.json
item,robe of useful items,DMG,雜貨法袍,existing-site,data/zh-TW/items/fluff-items.json;data/zh-TW/items/items-005.json
item,shovel,PHB,鏟子,existing-site,data/zh-TW/bestiary/bestiary-cos.json;data/zh-TW/items/items-006.json
item,signet ring,PHB,璽戒,existing-site,data/zh-TW/items/items-006.json
item,sovereign glue,DMG,至尊膠,existing-site,data/zh-TW/items/fluff-items.json;data/zh-TW/items/items-006.json
item,spell scroll,DMG,法術卷軸,existing-site,data/zh-TW/items/fluff-items.json;data/zh-TW/items/item-groups.json
item,spellbook,PHB,法術書,existing-site,data/zh-TW/bestiary/fluff-bestiary-idrotf.json;data/zh-TW/class/class-wizard.json;data/zh-TW/class/fluff-class-wizard.json;data/zh-TW/items/items-006.json
item,spyglass,PHB,望遠鏡,existing-site,data/zh-TW/items/items-006.json
item,staff of frost,DMG,冰霜法杖,existing-site,data/zh-TW/bestiary/bestiary-idrotf.json;data/zh-TW/bestiary/bestiary-wdmm.json;data/zh-TW/items/fluff-items.json;data/zh-TW/items/items-007.json
item,staff of power,DMG,威力法杖,existing-site,data/zh-TW/bestiary/bestiary-mabjov.json;data/zh-TW/bestiary/bestiary-wbtw.json;data/zh-TW/bestiary/bestiary-wdh.json;data/zh-TW/items/fluff-items.json;data/zh-TW/items/items-007.json
item,steel mirror,PHB,鋼面鏡,existing-site,data/zh-TW/items/items-007.json
item,tinderbox,PHB,火絨盒,existing-site,data/zh-TW/items/items-007.json
item,tome of understanding,DMG,通曉卷冊,existing-site,data/zh-TW/items/fluff-items.json;data/zh-TW/items/items-007.json
item,traveler's clothes,PHB,旅行服裝,existing-site,data/zh-TW/items/items-007.json
item,wand of polymorph,DMG,變形魔杖,existing-site,data/zh-TW/items/fluff-items.json;data/zh-TW/items/items-007.json
item,wand of secrets,DMG,探秘魔杖,existing-site,data/zh-TW/items/fluff-items.json;data/zh-TW/items/items-007.json
name,A Kindness of Wereravens,,鴉人的親群,existing-site,data/zh-TW/bestiary/fluff-bestiary-vrgr.json
name,Age,,年齡,existing-site,data/zh-TW/character-options/races.json
name,Animated Objects,,被活化的物件,existing-site,data/zh-TW/bestiary/fluff-bestiary-mm.json;data/zh-TW/bestiary/fluff-bestiary-xmm.json
name,Baba Lysaga,,芭芭·萊薩迦,existing-site,data/zh-TW/bestiary/bestiary-cos.json;data/zh-TW/bestiary/fluff-bestiary-cos.json
name,Baba Lysaga's Creeping Hut,,芭芭·萊薩迦的步行小屋,existing-site,data/zh-TW/bestiary/bestiary-cos.json;data/zh-TW/bestiary/fluff-bestiary-cos.json
name,Baba Lysaga's Traits,,芭芭·萊薩迦的特質,existing-site,data/zh-TW/bestiary/fluff-bestiary-cos.json
name,Barovian Witch,,巴洛維亞巫師,existing-site,data/zh-TW/bestiary/bestiary-cos.json;data/zh-TW/bestiary/fluff-bestiary-cos.json
name,Berserkers,,狂戰士們,existing-site,data/zh-TW/bestiary/fluff-bestiary-xmm.json
name,Blight Animosity,,枯萎憎恨,existing-site,data/zh-TW/bestiary/fluff-bestiary-cos.json
name,Blinded by Hatred,,被仇恨矇蔽,existing-site,data/zh-TW/bestiary/fluff-bestiary-cos.json
name,Bond,,牽掛,existing-site,data/zh-TW/bestiary/fluff-bestiary-aitfr-dn.json;data/zh-TW/bestiary/fluff-bestiary-aitfr-thp.json;data/zh-TW/bestiary/fluff-bestiary-cm.json;data/zh-TW/bestiary/fluff-bestiary-cos.json;data/zh-TW/bestiary/fluff-bestiary-skt.json;data/zh-TW/bestiary/fluff-bestiary-toa.json;data/zh-TW/bestiary/fluff-bestiary-wbtw.json
name,Broom of Animated Attack,,活化戰鬥掃帚,existing-site,data/zh-TW/bestiary/bestiary-cos.json;data/zh-TW/bestiary/fluff-bestiary-cos.json
name,Brothers and Sisters of Strahd,,施特拉德的兄弟姐妹,existing-site,data/zh-TW/bestiary/fluff-bestiary-cos.json
name,Camouflage Experts,,偽裝專家,existing-site,data/zh-TW/bestiary/fluff-bestiary-cos.json
name,Cartographer,,製圖師,existing-site,data/zh-TW/class/class-artificer.json;data/zh-TW/class/fluff-class-artificer.json
name,Chamberlain,,宮廷總管,existing-site,data/zh-TW/bestiary/fluff-bestiary-cos.json
name,Characters as Wereravens,,鴉人角色,existing-site,data/zh-TW/bestiary/fluff-bestiary-vrgr.json
name,Charitable Collectors,,慷慨的收藏家,existing-site,data/zh-TW/bestiary/fluff-bestiary-vrgr.json
name,Constructed Nature,,構裝本質,existing-site,data/zh-TW/bestiary/bestiary-cos.json;data/zh-TW/bestiary/bestiary-wdh.json;data/zh-TW/bestiary/fluff-bestiary-erlw.json;data/zh-TW/bestiary/fluff-bestiary-mm.json;data/zh-TW/bestiary/fluff-bestiary-mtf.json;data/zh-TW/bestiary/fluff-bestiary-tftyp.json;data/zh-TW/bestiary/fluff-bestiary-wdh.json;data/zh-TW/bestiary/fluff-bestiary-wdmm.json
name,Corpse,,屍體,existing-site,data/zh-TW/items/items-001.json
name,Crawling Claws,,蠕行之爪們,existing-site,data/zh-TW/bestiary/fluff-bestiary-xmm.json
name,Cultists,,邪教徒們,existing-site,data/zh-TW/bestiary/fluff-bestiary-fraif.json;data/zh-TW/bestiary/fluff-bestiary-xmm.json
name,Deadly Vengeance,,致命復仇,existing-site,data/zh-TW/bestiary/fluff-bestiary-cos.json
name,Doll Collector,,玩偶收藏家,existing-site,data/zh-TW/bestiary/fluff-bestiary-cos.json
name,Doors,,門,existing-site,data/zh-TW/spells/spells-phb.json;data/zh-TW/spells/spells-xphb.json
name,Enemies of Strahd,,施特拉德的敵人,existing-site,data/zh-TW/bestiary/fluff-bestiary-cos.json
name,Evil Eye,,邪眼,existing-site,data/zh-TW/bestiary/bestiary-mm.json
name,Evil Toy,,邪惡玩具,existing-site,data/zh-TW/bestiary/fluff-bestiary-cos.json
name,Executioner,,劊子手,existing-site,data/zh-TW/bestiary/fluff-bestiary-cos.json
name,Exile,,流放者,existing-site,data/zh-TW/bestiary/fluff-bestiary-cos.json
name,Ezmerelda d'Avenir,,艾絲美拉達·德·阿維尼爾,existing-site,data/zh-TW/bestiary/bestiary-cos.json;data/zh-TW/bestiary/fluff-bestiary-cos.json
name,Ezmerelda d'Avenir's Traits,,艾絲美拉達·德·阿維尼爾的特質,existing-site,data/zh-TW/bestiary/fluff-bestiary-cos.json
name,Faded Memories,,褪色記憶,existing-site,data/zh-TW/bestiary/fluff-bestiary-cos.json;data/zh-TW/character-options/fluff-races.json
name,Family Is Forever,,血濃於水,existing-site,data/zh-TW/bestiary/fluff-bestiary-cos.json
name,Family Names:,,家族名字:,existing-site,data/zh-TW/character-options/fluff-races.json
name,Farewell,,告別,existing-site,data/zh-TW/bestiary/fluff-bestiary-cos.json
name,Female Names:,,女性名字：,existing-site,data/zh-TW/character-options/fluff-races.json
name,Fiendish Gift,,兇惡的贈禮,existing-site,data/zh-TW/bestiary/fluff-bestiary-cos.json
name,Flaw,,缺陷,existing-site,data/zh-TW/bestiary/fluff-bestiary-aitfr-dn.json;data/zh-TW/bestiary/fluff-bestiary-aitfr-thp.json;data/zh-TW/bestiary/fluff-bestiary-cm.json;data/zh-TW/bestiary/fluff-bestiary-cos.json;data/zh-TW/bestiary/fluff-bestiary-skt.json;data/zh-TW/bestiary/fluff-bestiary-toa.json;data/zh-TW/bestiary/fluff-bestiary-wbtw.json;data/zh-TW/items/items-002.json;data/zh-TW/items/items-003.json;data/zh-TW/items/items-007.json
name,Flying Broom,,飛行掃帚,existing-site,data/zh-TW/bestiary/fluff-bestiary-cos.json
name,For the Love of Strahd,,為了對施特拉德的愛,existing-site,data/zh-TW/bestiary/fluff-bestiary-cos.json
name,Forceful Presence,,盛氣凌人,existing-site,data/zh-TW/bestiary/fluff-bestiary-cos.json;data/zh-TW/character-options/races.json
name,Garden,,種植園,existing-site,data/zh-TW/bastions/bastions.json
name,Ghost,,幽魂,existing-site,data/zh-TW/bestiary/bestiary-mm.json;data/zh-TW/bestiary/bestiary-xmm.json;data/zh-TW/bestiary/fluff-bestiary-mm.json;data/zh-TW/bestiary/fluff-bestiary-xmm.json;data/zh-TW/rules/variantrules.json
name,Gifts of Mother Night,,夜母的贈禮,existing-site,data/zh-TW/bestiary/fluff-bestiary-cos.json
name,Green Slime,,綠軟泥,existing-site,data/zh-TW/bestiary/legendarygroups.json
name,Guardian Portrait,,畫中守衛,existing-site,data/zh-TW/bestiary/bestiary-cos.json;data/zh-TW/bestiary/fluff-bestiary-cos.json;data/zh-TW/items/items-001.json
name,Heart of Sorrow,,悲痛之心,existing-site,data/zh-TW/bestiary/fluff-bestiary-cos.json
name,Heart of the Hut,,小屋之心,existing-site,data/zh-TW/bestiary/fluff-bestiary-cos.json
name,History,,歷史,existing-site,data/zh-TW/bestiary/fluff-bestiary-fraif.json;data/zh-TW/bestiary/fluff-bestiary-veor.json;data/zh-TW/items/items-002.json;data/zh-TW/items/items-005.json;data/zh-TW/items/items-007.json;data/zh-TW/items/items-base.json;data/zh-TW/rules/skills.json;data/zh-TW/rules/variantrules.json
name,Horrific Offspring,,恐怖後裔,existing-site,data/zh-TW/bestiary/fluff-bestiary-cos.json
name,Hunting Trap,,捕獵陷阱,existing-site,data/zh-TW/items/items-003.json
name,Hut Interior,,小屋內部,existing-site,data/zh-TW/bestiary/fluff-bestiary-cos.json
name,Ideal,,理念,existing-site,data/zh-TW/bestiary/fluff-bestiary-aitfr-dn.json;data/zh-TW/bestiary/fluff-bestiary-aitfr-thp.json;data/zh-TW/bestiary/fluff-bestiary-cm.json;data/zh-TW/bestiary/fluff-bestiary-cos.json;data/zh-TW/bestiary/fluff-bestiary-skt.json;data/zh-TW/bestiary/fluff-bestiary-toa.json;data/zh-TW/bestiary/fluff-bestiary-wbtw.json
name,Innate Spells,,天生法術,existing-site,data/zh-TW/bestiary/fluff-bestiary-cos.json
name,Izek Strazni,,艾澤克·施特拉茲尼,existing-site,data/zh-TW/bestiary/bestiary-cos.json;data/zh-TW/bestiary/fluff-bestiary-cos.json
name,Izek Strazni's Traits,,艾澤克·施特拉茲尼的特質,existing-site,data/zh-TW/bestiary/fluff-bestiary-cos.json
name,Kasimir Velikov,,卡西米爾·維里科夫,existing-site,data/zh-TW/bestiary/bestiary-cos.json;data/zh-TW/bestiary/fluff-bestiary-cos.json
name,Lair Actions,,巢穴動作,existing-site,data/zh-TW/bestiary/fluff-bestiary-idrotf.json
name,Living Fire,,活體火焰,existing-site,data/zh-TW/bestiary/fluff-bestiary-mm.json
name,Living Image,,活體畫像,existing-site,data/zh-TW/bestiary/fluff-bestiary-cos.json
name,Loathsome Limbs,,擾人斷肢,existing-site,data/zh-TW/bestiary/bestiary-cos.json;data/zh-TW/bestiary/bestiary-mm.json;data/zh-TW/bestiary/bestiary-vrgr.json;data/zh-TW/bestiary/fluff-bestiary-cos.json;data/zh-TW/bestiary/fluff-bestiary-vrgr.json
name,Madam Eva,,伊娃夫人,existing-site,data/zh-TW/bestiary/bestiary-cos.json;data/zh-TW/bestiary/bestiary-rhw.json;data/zh-TW/bestiary/fluff-bestiary-cos.json;data/zh-TW/bestiary/fluff-bestiary-rhw.json
name,Madam Eva's Traits,,伊娃夫人的特質,existing-site,data/zh-TW/bestiary/fluff-bestiary-cos.json
name,Magic Items,,魔法物品,existing-site,data/zh-TW/rules/variantrules.json;data/zh-TW/spells/spells-phb.json
name,Male Names:,,男性名字：,existing-site,data/zh-TW/character-options/fluff-races.json
name,Man with a Plan,,謀定而後動,existing-site,data/zh-TW/bestiary/fluff-bestiary-cos.json
name,Marzena Belview,,瑪澤娜·貝爾維,existing-site,data/zh-TW/bestiary/bestiary-cos.json
name,Mishka Belview,,米什卡·貝爾維,existing-site,data/zh-TW/bestiary/bestiary-cos.json
name,Mongrelfolk,,混種人,existing-site,data/zh-TW/bestiary/bestiary-cos.json;data/zh-TW/bestiary/fluff-bestiary-cos.json
name,Monster Hunter,,怪物獵人,existing-site,data/zh-TW/bestiary/fluff-bestiary-cos.json
name,Mother Nearest,,永遠守望的母親,existing-site,data/zh-TW/bestiary/fluff-bestiary-cos.json
name,Mother Night,,夜母,existing-site,data/zh-TW/bestiary/fluff-bestiary-cos.json
name,Multiattack,,多重攻擊,existing-site,data/zh-TW/bestiary/bestiary-aatm.json;data/zh-TW/bestiary/bestiary-abh.json;data/zh-TW/bestiary/bestiary-ai.json;data/zh-TW/bestiary/bestiary-aitfr-dn.json;data/zh-TW/bestiary/bestiary-aitfr-fcd.json;data/zh-TW/bestiary/bestiary-aitfr-isf.json;data/zh-TW/bestiary/bestiary-aitfr-thp.json;data/zh-TW/bestiary/bestiary-awm.json;data/zh-TW/bestiary/bestiary-bam.json;data/zh-TW/bestiary/bestiary-bgdia.json;data/zh-TW/bestiary/bestiary-bgg.json;data/zh-TW/bestiary/bestiary-bmt.json;data/zh-TW/bestiary/bestiary-cm.json;data/zh-TW/bestiary/bestiary-coa.json;data/zh-TW/bestiary/bestiary-cos.json;data/zh-TW/bestiary/bestiary-crcotn.json;data/zh-TW/bestiary/bestiary-dip.json;data/zh-TW/bestiary/bestiary-ditlcot.json;data/zh-TW/bestiary/bestiary-dod.json;data/zh-TW/bestiary/bestiary-dosi.json;data/zh-TW/bestiary/bestiary-dsotdq.json;data/zh-TW/bestiary/bestiary-efa.json;data/zh-TW/bestiary/bestiary-egw.json;data/zh-TW/bestiary/bestiary-erlw.json;data/zh-TW/bestiary/bestiary-fraif.json;data/zh-TW/bestiary/bestiary-ftd.json;data/zh-TW/bestiary/bestiary-ggr.json;data/zh-TW/bestiary/bestiary-gos.json;data/zh-TW/bestiary/bestiary-hat-tg.json;data/zh-TW/bestiary/bestiary-hftt.json;data/zh-TW/bestiary/bestiary-hotb.json;data/zh-TW/bestiary/bestiary-hotdq.json;data/zh-TW/bestiary/bestiary-idrotf.json;data/zh-TW/bestiary/bestiary-imr.json;data/zh-TW/bestiary/bestiary-jttrc.json;data/zh-TW/bestiary/bestiary-kftgv.json;data/zh-TW/bestiary/bestiary-kkw.json;data/zh-TW/bestiary/bestiary-lfl.json;data/zh-TW/bestiary/bestiary-llk.json;data/zh-TW/bestiary/bestiary-lmop.json;data/zh-TW/bestiary/bestiary-lox.json;data/zh-TW/bestiary/bestiary-lr.json;data/zh-TW/bestiary/bestiary-lrdt.json;data/zh-TW/bestiary/bestiary-mabjov.json;data/zh-TW/bestiary/bestiary-mcv1sc.json;data/zh-TW/bestiary/bestiary-mcv2dc.json;data/zh-TW/bestiary/bestiary-mcv3mc.json;data/zh-TW/bestiary/bestiary-mcv4ec.json;data/zh-TW/bestiary/bestiary-mff.json;data/zh-TW/bestiary/bestiary-mismv1.json;data/zh-TW/bestiary/bestiary-mm.json;data/zh-TW/bestiary/bestiary-mot.json;data/zh-TW/bestiary/bestiary-mpmm.json;data/zh-TW/bestiary/bestiary-mpp.json;data/zh-TW/bestiary/bestiary-mtf.json;data/zh-TW/bestiary/bestiary-nf.json;data/zh-TW/bestiary/bestiary-nrh-at.json;data/zh-TW/bestiary/bestiary-oota.json;data/zh-TW/bestiary/bestiary-pabtso.json;data/zh-TW/bestiary/bestiary-pota.json;data/zh-TW/bestiary/bestiary-ps-a.json;data/zh-TW/bestiary/bestiary-ps-d.json;data/zh-TW/bestiary/bestiary-ps-i.json;data/zh-TW/bestiary/bestiary-ps-x.json;data/zh-TW/bestiary/bestiary-ps-z.json;data/zh-TW/bestiary/bestiary-qftis.json;data/zh-TW/bestiary/bestiary-rhw.json;data/zh-TW/bestiary/bestiary-rot.json;data/zh-TW/bestiary/bestiary-rtg.json;data/zh-TW/bestiary/bestiary-sads.json;data/zh-TW/bestiary/bestiary-scc.json;data/zh-TW/bestiary/bestiary-sdw.json;data/zh-TW/bestiary/bestiary-skt.json;data/zh-TW/bestiary/bestiary-slw.json;data/zh-TW/bestiary/bestiary-tce.json;data/zh-TW/bestiary/bestiary-tftyp.json;data/zh-TW/bestiary/bestiary-toa.json;data/zh-TW/bestiary/bestiary-ttp.json;data/zh-TW/bestiary/bestiary-vd.json;data/zh-TW/bestiary/bestiary-veor.json;data/zh-TW/bestiary/bestiary-vgm.json;data/zh-TW/bestiary/bestiary-vrgr.json;data/zh-TW/bestiary/bestiary-wbtw.json;data/zh-TW/bestiary/bestiary-wdh.json;data/zh-TW/bestiary/bestiary-wdmm.json;data/zh-TW/bestiary/bestiary-wtthc.json;data/zh-TW/bestiary/bestiary-xdmg.json;data/zh-TW/bestiary/bestiary-xmm.json;data/zh-TW/bestiary/bestiary-xphb.json;data/zh-TW/bestiary/fluff-bestiary-mm.json;data/zh-TW/class/class-ranger.json
name,One Pidlwick Too Many,,搗蛋皮德爾一個足矣,existing-site,data/zh-TW/bestiary/fluff-bestiary-cos.json
name,Orphaned Killer,,孤兒殺手,existing-site,data/zh-TW/bestiary/fluff-bestiary-cos.json
name,Other Mother,,另一個母親,existing-site,data/zh-TW/bestiary/fluff-bestiary-cos.json
name,Otto Belview,,奧圖·貝爾維,existing-site,data/zh-TW/bestiary/bestiary-cos.json;data/zh-TW/bestiary/fluff-bestiary-cos.json
name,Outcasts,,邊緣棄兒,existing-site,data/zh-TW/bestiary/fluff-bestiary-cos.json
name,Pack Rats with Cats,,松鼠病與愛貓狂,existing-site,data/zh-TW/bestiary/fluff-bestiary-cos.json
name,Phantom Warrior,,魅影武者,existing-site,data/zh-TW/bestiary/bestiary-cos.json;data/zh-TW/bestiary/fluff-bestiary-cos.json
name,Pidlwick II,,搗蛋皮德爾二世,existing-site,data/zh-TW/bestiary/bestiary-cos.json;data/zh-TW/bestiary/fluff-bestiary-cos.json
name,Pidlwick II's Traits,,搗蛋皮德爾二世的特質,existing-site,data/zh-TW/bestiary/fluff-bestiary-cos.json
name,Rahadin,,拉哈丁,existing-site,data/zh-TW/bestiary/bestiary-cos.json;data/zh-TW/bestiary/fluff-bestiary-cos.json
name,Rahadin's Traits,,拉哈丁的特質,existing-site,data/zh-TW/bestiary/fluff-bestiary-cos.json
name,Random Encounters,,隨機遭遇,existing-site,data/zh-TW/rules/variantrules.json
name,Raven Bane,,渡鴉之禍,existing-site,data/zh-TW/bestiary/fluff-bestiary-cos.json
name,Revenant,,還魂鬼,existing-site,data/zh-TW/bestiary/bestiary-mm.json;data/zh-TW/bestiary/bestiary-xmm.json;data/zh-TW/bestiary/fluff-bestiary-cos.json;data/zh-TW/bestiary/fluff-bestiary-mm.json;data/zh-TW/bestiary/fluff-bestiary-xmm.json
name,Rictavio,,瑞克塔維歐,existing-site,data/zh-TW/bestiary/bestiary-cos.json;data/zh-TW/bestiary/fluff-bestiary-cos.json
name,Rictavio's Traits,,瑞克塔維歐的特質,existing-site,data/zh-TW/bestiary/fluff-bestiary-cos.json
name,Roleplaying,,角色扮演（簡稱RP）,existing-site,data/zh-TW/rules/variantrules.json
name,Royal Blood,,王室血統,existing-site,data/zh-TW/bestiary/fluff-bestiary-cos.json
name,Screams of the Dead,,亡者尖嘯,existing-site,data/zh-TW/bestiary/fluff-bestiary-cos.json
name,Shadows,,幽影,existing-site,data/zh-TW/bestiary/bestiary-mabjov.json
name,Sound Mimicry,,模仿聲音,existing-site,data/zh-TW/bestiary/fluff-bestiary-cos.json
name,Spellcasting,,施法,existing-site,data/zh-TW/bestiary/bestiary-aatm.json;data/zh-TW/bestiary/bestiary-abh.json;data/zh-TW/bestiary/bestiary-ai.json;data/zh-TW/bestiary/bestiary-aitfr-fcd.json;data/zh-TW/bestiary/bestiary-aitfr-isf.json;data/zh-TW/bestiary/bestiary-aitfr-thp.json;data/zh-TW/bestiary/bestiary-bam.json;data/zh-TW/bestiary/bestiary-bgdia.json;data/zh-TW/bestiary/bestiary-bgg.json;data/zh-TW/bestiary/bestiary-bmt.json;data/zh-TW/bestiary/bestiary-cm.json;data/zh-TW/bestiary/bestiary-coa.json;data/zh-TW/bestiary/bestiary-cos.json;data/zh-TW/bestiary/bestiary-crcotn.json;data/zh-TW/bestiary/bestiary-dip.json;data/zh-TW/bestiary/bestiary-dod.json;data/zh-TW/bestiary/bestiary-dsotdq.json;data/zh-TW/bestiary/bestiary-efa.json;data/zh-TW/bestiary/bestiary-egw.json;data/zh-TW/bestiary/bestiary-erlw.json;data/zh-TW/bestiary/bestiary-fraif.json;data/zh-TW/bestiary/bestiary-ftd.json;data/zh-TW/bestiary/bestiary-ggr.json;data/zh-TW/bestiary/bestiary-gos.json;data/zh-TW/bestiary/bestiary-hat-tg.json;data/zh-TW/bestiary/bestiary-hftt.json;data/zh-TW/bestiary/bestiary-hol.json;data/zh-TW/bestiary/bestiary-hotdq.json;data/zh-TW/bestiary/bestiary-idrotf.json;data/zh-TW/bestiary/bestiary-imr.json;data/zh-TW/bestiary/bestiary-jttrc.json;data/zh-TW/bestiary/bestiary-kftgv.json;data/zh-TW/bestiary/bestiary-lfl.json;data/zh-TW/bestiary/bestiary-llk.json;data/zh-TW/bestiary/bestiary-lmop.json;data/zh-TW/bestiary/bestiary-lox.json;data/zh-TW/bestiary/bestiary-lr.json;data/zh-TW/bestiary/bestiary-lrdt.json;data/zh-TW/bestiary/bestiary-mabjov.json;data/zh-TW/bestiary/bestiary-mcv1sc.json;data/zh-TW/bestiary/bestiary-mcv2dc.json;data/zh-TW/bestiary/bestiary-mcv4ec.json;data/zh-TW/bestiary/bestiary-mismv1.json;data/zh-TW/bestiary/bestiary-mm.json;data/zh-TW/bestiary/bestiary-mot.json;data/zh-TW/bestiary/bestiary-mpmm.json;data/zh-TW/bestiary/bestiary-mpp.json;data/zh-TW/bestiary/bestiary-mtf.json;data/zh-TW/bestiary/bestiary-nf.json;data/zh-TW/bestiary/bestiary-oota.json;data/zh-TW/bestiary/bestiary-pabtso.json;data/zh-TW/bestiary/bestiary-pota.json;data/zh-TW/bestiary/bestiary-ps-i.json;data/zh-TW/bestiary/bestiary-qftis.json;data/zh-TW/bestiary/bestiary-rhw.json;data/zh-TW/bestiary/bestiary-rot.json;data/zh-TW/bestiary/bestiary-rtg.json;data/zh-TW/bestiary/bestiary-scc.json;data/zh-TW/bestiary/bestiary-sdw.json;data/zh-TW/bestiary/bestiary-skt.json;data/zh-TW/bestiary/bestiary-tftyp.json;data/zh-TW/bestiary/bestiary-toa.json;data/zh-TW/bestiary/bestiary-vd.json;data/zh-TW/bestiary/bestiary-veor.json;data/zh-TW/bestiary/bestiary-vgm.json;data/zh-TW/bestiary/bestiary-wbtw.json;data/zh-TW/bestiary/bestiary-wdh.json;data/zh-TW/bestiary/bestiary-wdmm.json;data/zh-TW/bestiary/bestiary-xmm.json;data/zh-TW/bestiary/fluff-bestiary-idrotf.json;data/zh-TW/class/class-artificer.json;data/zh-TW/class/class-bard.json;data/zh-TW/class/class-cleric.json;data/zh-TW/class/class-druid.json;data/zh-TW/class/class-fighter.json;data/zh-TW/class/class-paladin.json;data/zh-TW/class/class-ranger.json;data/zh-TW/class/class-rogue.json;data/zh-TW/class/class-sidekick.json;data/zh-TW/class/class-sorcerer.json;data/zh-TW/class/class-wizard.json;data/zh-TW/items/item-groups.json;data/zh-TW/items/items-002.json;data/zh-TW/items/items-003.json;data/zh-TW/items/items-004.json;data/zh-TW/items/items-005.json;data/zh-TW/items/items-006.json;data/zh-TW/items/magicvariants.json;data/zh-TW/rules/generated/gendata-variantrules.json;data/zh-TW/rules/variantrules.json
name,Statistics,,資料,existing-site,data/zh-TW/bestiary/fluff-bestiary-cos.json
name,Strahd Zombie,,施特拉德喪屍,existing-site,data/zh-TW/bestiary/bestiary-cos.json;data/zh-TW/bestiary/fluff-bestiary-cos.json
name,Strahd von Zarovich,,施特拉德·馮·扎洛維奇,existing-site,data/zh-TW/bestiary/bestiary-cos.json;data/zh-TW/bestiary/bestiary-rhw.json;data/zh-TW/bestiary/fluff-bestiary-cos.json;data/zh-TW/bestiary/fluff-bestiary-mm.json;data/zh-TW/bestiary/fluff-bestiary-rhw.json;data/zh-TW/bestiary/fluff-bestiary-tftyp.json;data/zh-TW/bestiary/legendarygroups.json
name,Strahd's Animated Armor,,施特拉德的活化盔甲,existing-site,data/zh-TW/bestiary/bestiary-cos.json;data/zh-TW/bestiary/fluff-bestiary-cos.json
name,Strahd's Tactics,,施特拉德的戰術,existing-site,data/zh-TW/bestiary/fluff-bestiary-cos.json
name,Tarokka Deck,,塔羅卡牌組,existing-site,data/zh-TW/bestiary/fluff-bestiary-cos.json
name,Task Driven,,不負使命,existing-site,data/zh-TW/bestiary/fluff-bestiary-cos.json
name,Teleportation Circle,,傳送法陣,existing-site,data/zh-TW/bastions/bastions.json;data/zh-TW/spells/spells-phb.json;data/zh-TW/spells/spells-xphb.json
name,The Abbot,,修道院長,existing-site,data/zh-TW/bestiary/bestiary-cos.json
name,The Great Vampire Hunt,,對大吸血鬼的獵殺,existing-site,data/zh-TW/bestiary/fluff-bestiary-cos.json
name,The Vampire's Minions,,吸血鬼的爪牙,existing-site,data/zh-TW/bestiary/fluff-bestiary-cos.json
name,The Waiting Game,,伺機而動,existing-site,data/zh-TW/bestiary/fluff-bestiary-cos.json
name,Thing of Evil,,邪惡之物,existing-site,data/zh-TW/bestiary/fluff-bestiary-cos.json
name,Tome of Strahd,,施特拉德手記,existing-site,data/zh-TW/items/fluff-items.json;data/zh-TW/items/items-007.json
name,Treasure,,寶藏,existing-site,data/zh-TW/bestiary/fluff-bestiary-wdh.json;data/zh-TW/items/items-base.json
name,Trinket,,飾品,existing-site,data/zh-TW/items/fluff-items.json;data/zh-TW/items/items-007.json
name,Undead Nature,,不死本質,existing-site,data/zh-TW/bestiary/fluff-bestiary-cos.json;data/zh-TW/bestiary/fluff-bestiary-erlw.json;data/zh-TW/bestiary/fluff-bestiary-ggr.json;data/zh-TW/bestiary/fluff-bestiary-mm.json;data/zh-TW/bestiary/fluff-bestiary-mtf.json;data/zh-TW/bestiary/fluff-bestiary-tftyp.json;data/zh-TW/bestiary/fluff-bestiary-toa.json;data/zh-TW/bestiary/fluff-bestiary-vgm.json;data/zh-TW/character-options/races.json
name,Unseen Servant,,隱形僕役,existing-site,data/zh-TW/spells/spells-phb.json;data/zh-TW/spells/spells-xphb.json
name,Vampire Spawn,,初生吸血鬼,existing-site,data/zh-TW/bestiary/bestiary-mm.json;data/zh-TW/bestiary/bestiary-xmm.json;data/zh-TW/bestiary/fluff-bestiary-mm.json;data/zh-TW/bestiary/fluff-bestiary-xmm.json
name,Van Richten's Tragic Tale,,範·裡希騰的悲劇故事,existing-site,data/zh-TW/bestiary/fluff-bestiary-cos.json
name,Vicious Carnivore,,兇殘的肉食生物,existing-site,data/zh-TW/bestiary/fluff-bestiary-cos.json
name,Vladimir Horngaard,,弗拉基米爾·霍恩嘉德,existing-site,data/zh-TW/bestiary/bestiary-cos.json;data/zh-TW/bestiary/fluff-bestiary-cos.json
name,Vladimir Horngaard's Traits,,弗拉基米爾·霍恩嘉德的特質,existing-site,data/zh-TW/bestiary/fluff-bestiary-cos.json
name,Wereraven,,鴉人,existing-site,data/zh-TW/bestiary/bestiary-rhw.json;data/zh-TW/bestiary/bestiary-vrgr.json;data/zh-TW/bestiary/fluff-bestiary-rhw.json;data/zh-TW/bestiary/fluff-bestiary-vrgr.json
name,Will-o'-Wisp,,鬼火,existing-site,data/zh-TW/bestiary/bestiary-mm.json;data/zh-TW/bestiary/bestiary-xmm.json;data/zh-TW/bestiary/fluff-bestiary-mm.json;data/zh-TW/bestiary/fluff-bestiary-xmm.json
name,Witness to Tragedy,,悲劇的見證人,existing-site,data/zh-TW/bestiary/fluff-bestiary-cos.json
name,Zombies,,喪屍們,existing-site,data/zh-TW/bestiary/fluff-bestiary-rhw.json;data/zh-TW/bestiary/fluff-bestiary-xmm.json
name,Zygfrek Belview,,吉格芙裡克·貝爾維,existing-site,data/zh-TW/bestiary/bestiary-cos.json;data/zh-TW/bestiary/fluff-bestiary-cos.json
reward,charm of heroism,,英勇護咒,existing-site,data/zh-TW/reference-pages/rewards.json
reward,dark gift of Savnok the Inscrutable,CoS,深不可測者薩夫諾克的黑暗贈禮,existing-site,data/zh-TW/reference-pages/rewards.json
sense,Darkvision,PHB,黑暗視覺,existing-site,data/zh-TW/bestiary/bestiary-mpmm.json;data/zh-TW/character-options/races.json;data/zh-TW/class/class-monk.json;data/zh-TW/class/class-wizard.json;data/zh-TW/items/items-000.json;data/zh-TW/items/items-006.json;data/zh-TW/reference-pages/rewards.json;data/zh-TW/rules/senses.json;data/zh-TW/spells/spells-phb.json;data/zh-TW/spells/spells-xphb.json
sense,blindsight,PHB,盲視,existing-site,data/zh-TW/character-options/feats.json;data/zh-TW/character-options/races.json;data/zh-TW/class/class-monk.json;data/zh-TW/reference-pages/rewards.json;data/zh-TW/rules/senses.json;data/zh-TW/spells/spells-ftd.json
sense,darkvision,PHB,黑暗視覺,existing-site,data/zh-TW/bestiary/bestiary-mpmm.json;data/zh-TW/character-options/races.json;data/zh-TW/class/class-monk.json;data/zh-TW/class/class-wizard.json;data/zh-TW/items/items-000.json;data/zh-TW/items/items-006.json;data/zh-TW/reference-pages/rewards.json;data/zh-TW/rules/senses.json;data/zh-TW/spells/spells-phb.json;data/zh-TW/spells/spells-xphb.json
sense,truesight,PHB,真實視覺,existing-site,data/zh-TW/character-options/feats.json;data/zh-TW/items/item-groups.json;data/zh-TW/items/items-002.json;data/zh-TW/items/items-007.json;data/zh-TW/rules/senses.json
skill,Acrobatics,PHB,體操,existing-site,data/zh-TW/rules/skills.json
skill,Arcana,PHB,奧秘,existing-site,data/zh-TW/items/items-002.json;data/zh-TW/items/items-003.json;data/zh-TW/items/items-base.json;data/zh-TW/rules/skills.json;data/zh-TW/rules/variantrules.json
skill,Athletics,PHB,運動,existing-site,data/zh-TW/rules/skills.json
skill,Deception,PHB,欺瞞,existing-site,data/zh-TW/items/items-001.json;data/zh-TW/items/items-002.json;data/zh-TW/rules/skills.json;data/zh-TW/rules/variantrules.json
skill,Insight,PHB,洞悉,existing-site,data/zh-TW/items/items-base.json;data/zh-TW/rules/skills.json;data/zh-TW/rules/variantrules.json
skill,Intimidation,PHB,威嚇,existing-site,data/zh-TW/items/items-001.json;data/zh-TW/rules/skills.json;data/zh-TW/rules/variantrules.json
skill,Investigation,PHB,調查,existing-site,data/zh-TW/items/items-002.json;data/zh-TW/items/items-003.json;data/zh-TW/items/items-base.json;data/zh-TW/rules/skills.json;data/zh-TW/rules/variantrules.json
skill,Medicine,PHB,醫療,existing-site,data/zh-TW/items/items-003.json;data/zh-TW/items/items-005.json;data/zh-TW/items/items-base.json;data/zh-TW/rules/skills.json;data/zh-TW/rules/variantrules.json
skill,Nature,PHB,自然,existing-site,data/zh-TW/class/fluff-class-bard.json;data/zh-TW/items/items-base.json;data/zh-TW/rules/skills.json;data/zh-TW/rules/variantrules.json
skill,Perception,PHB,感知,existing-site,data/zh-TW/items/items-base.json;data/zh-TW/rules/skills.json;data/zh-TW/rules/variantrules.json
skill,Performance,PHB,表演,existing-site,data/zh-TW/items/items-001.json;data/zh-TW/items/items-base.json;data/zh-TW/rules/skills.json;data/zh-TW/rules/variantrules.json
skill,Persuasion,PHB,說服,existing-site,data/zh-TW/items/items-001.json;data/zh-TW/items/items-base.json;data/zh-TW/rules/skills.json;data/zh-TW/rules/variantrules.json
skill,Religion,PHB,宗教,existing-site,data/zh-TW/rules/skills.json
skill,Stealth,PHB,隱匿,existing-site,data/zh-TW/items/items-base.json;data/zh-TW/rules/skills.json;data/zh-TW/rules/variantrules.json
skill,Survival,PHB,求生,existing-site,data/zh-TW/items/items-004.json;data/zh-TW/items/items-base.json;data/zh-TW/rules/skills.json;data/zh-TW/rules/variantrules.json
spell,Alarm,PHB,警報術,existing-site,data/zh-TW/items/magicvariants.json;data/zh-TW/spells/spells-phb.json;data/zh-TW/spells/spells-xphb.json
spell,Astral projection,PHB,星界投影,existing-site,data/zh-TW/spells/spells-phb.json;data/zh-TW/spells/spells-xphb.json
spell,Bigby's hand,PHB,畢格比之手,existing-site,data/zh-TW/spells/fluff-spells-xphb.json;data/zh-TW/spells/spells-phb.json;data/zh-TW/spells/spells-xphb.json
spell,Find familiar,PHB,尋獲魔寵,existing-site,data/zh-TW/spells/fluff-spells-xphb.json;data/zh-TW/spells/spells-phb.json;data/zh-TW/spells/spells-xphb.json
spell,Find steed,PHB,尋獲坐騎,existing-site,data/zh-TW/spells/spells-phb.json;data/zh-TW/spells/spells-xphb.json
spell,Find the path,PHB,尋路術,existing-site,data/zh-TW/spells/spells-phb.json;data/zh-TW/spells/spells-xphb.json
spell,Fog cloud,PHB,雲霧術,existing-site,data/zh-TW/spells/spells-phb.json;data/zh-TW/spells/spells-xphb.json
spell,Gust of wind,PHB,造風術,existing-site,data/zh-TW/spells/spells-phb.json;data/zh-TW/spells/spells-xphb.json
spell,Mage hand,PHB,法師之手,existing-site,data/zh-TW/spells/spells-phb.json;data/zh-TW/spells/spells-xphb.json
spell,Maze,PHB,迷宮術,existing-site,data/zh-TW/spells/spells-phb.json;data/zh-TW/spells/spells-xphb.json
spell,Mordenkainen's faithful hound,PHB,魔鄧肯忠犬,existing-site,data/zh-TW/spells/spells-phb.json;data/zh-TW/spells/spells-xphb.json
spell,Mordenkainen's magnificent mansion,PHB,魔鄧肯豪宅術,existing-site,data/zh-TW/spells/fluff-spells-xphb.json;data/zh-TW/spells/spells-phb.json;data/zh-TW/spells/spells-xphb.json
spell,Phantom steed,PHB,魅影駒,existing-site,data/zh-TW/spells/fluff-spells-xphb.json;data/zh-TW/spells/spells-phb.json;data/zh-TW/spells/spells-xphb.json
spell,Rary's telepathic bond,PHB,拉瑞心靈聯結,existing-site,data/zh-TW/spells/spells-phb.json;data/zh-TW/spells/spells-xphb.json
spell,Revivify,PHB,回生術,existing-site,data/zh-TW/items/items-007.json;data/zh-TW/spells/spells-phb.json;data/zh-TW/spells/spells-xphb.json
spell,Spirit guardians,PHB,靈體衛士,existing-site,data/zh-TW/spells/spells-phb.json;data/zh-TW/spells/spells-xphb.json
spell,Tasha's hideous laughter,PHB,塔莎狂笑術,existing-site,data/zh-TW/spells/spells-phb.json;data/zh-TW/spells/spells-xphb.json
spell,Unseen servant,PHB,隱形僕役,existing-site,data/zh-TW/spells/spells-phb.json;data/zh-TW/spells/spells-xphb.json
spell,Wall of stone,PHB,石牆術,existing-site,data/zh-TW/spells/spells-phb.json;data/zh-TW/spells/spells-xphb.json
spell,alter self,PHB,變身術,existing-site,data/zh-TW/spells/spells-phb.json;data/zh-TW/spells/spells-xphb.json
spell,animal friendship,PHB,化獸為友,existing-site,data/zh-TW/spells/spells-phb.json;data/zh-TW/spells/spells-xphb.json
spell,animate dead,PHB,活化死屍,existing-site,data/zh-TW/spells/spells-phb.json;data/zh-TW/spells/spells-xphb.json
spell,antimagic field,PHB,反魔法場,existing-site,data/zh-TW/spells/spells-phb.json;data/zh-TW/spells/spells-xphb.json
spell,antipathy/sympathy,PHB,嫌惡術/關懷術,existing-site,data/zh-TW/spells/spells-phb.json;data/zh-TW/spells/spells-xphb.json
spell,arcane lock,PHB,秘法鎖,existing-site,data/zh-TW/spells/spells-phb.json;data/zh-TW/spells/spells-xphb.json
spell,augury,PHB,卜筮術,existing-site,data/zh-TW/items/items-003.json;data/zh-TW/spells/spells-phb.json;data/zh-TW/spells/spells-xphb.json
spell,bestow curse,PHB,降咒,existing-site,data/zh-TW/spells/spells-phb.json;data/zh-TW/spells/spells-xphb.json
spell,bless,PHB,祝福術,existing-site,data/zh-TW/spells/spells-phb.json;data/zh-TW/spells/spells-xphb.json
spell,blight,PHB,枯萎術,existing-site,data/zh-TW/spells/spells-phb.json;data/zh-TW/spells/spells-xphb.json
spell,blinding smite,PHB,致盲斬,existing-site,data/zh-TW/spells/spells-phb.json;data/zh-TW/spells/spells-xphb.json
spell,branding smite,PHB,印記斬,existing-site,data/zh-TW/spells/spells-phb.json
spell,burning hands,PHB,燃燒之手,existing-site,data/zh-TW/spells/fluff-spells-phb.json;data/zh-TW/spells/spells-phb.json;data/zh-TW/spells/spells-xphb.json
spell,calm emotions,PHB,安定心神,existing-site,data/zh-TW/spells/spells-phb.json;data/zh-TW/spells/spells-xphb.json
spell,charm person,PHB,魅惑類人,existing-site,data/zh-TW/spells/spells-phb.json;data/zh-TW/spells/spells-xphb.json
spell,cloud of daggers,PHB,匕首之雲,existing-site,data/zh-TW/spells/spells-phb.json;data/zh-TW/spells/spells-xphb.json
spell,cloudkill,PHB,死雲術,existing-site,data/zh-TW/spells/fluff-spells-phb.json;data/zh-TW/spells/spells-phb.json;data/zh-TW/spells/spells-xphb.json
spell,command,PHB,命令術,existing-site,data/zh-TW/bestiary/bestiary-fraif.json;data/zh-TW/bestiary/legendarygroups.json;data/zh-TW/items/items-007.json;data/zh-TW/spells/spells-phb.json;data/zh-TW/spells/spells-xphb.json
spell,comprehend languages,PHB,通曉語言,existing-site,data/zh-TW/character-options/feats.json;data/zh-TW/spells/spells-phb.json;data/zh-TW/spells/spells-xphb.json
spell,cone of cold,PHB,寒冰錐,existing-site,data/zh-TW/spells/fluff-spells-xphb.json;data/zh-TW/spells/spells-phb.json;data/zh-TW/spells/spells-xphb.json
spell,contagion,PHB,疫病術,existing-site,data/zh-TW/spells/spells-phb.json;data/zh-TW/spells/spells-xphb.json
spell,continual flame,PHB,不滅明焰,existing-site,data/zh-TW/spells/spells-phb.json;data/zh-TW/spells/spells-xphb.json
spell,counterspell,PHB,法術反制,existing-site,data/zh-TW/bestiary/bestiary-coa.json;data/zh-TW/bestiary/bestiary-egw.json;data/zh-TW/bestiary/bestiary-fraif.json;data/zh-TW/bestiary/bestiary-xmm.json;data/zh-TW/spells/spells-phb.json;data/zh-TW/spells/spells-xphb.json
spell,create food and water,PHB,造糧術,existing-site,data/zh-TW/bestiary/bestiary-mm.json;data/zh-TW/spells/spells-phb.json;data/zh-TW/spells/spells-xphb.json
spell,crusader's mantle,PHB,十字軍披風,existing-site,data/zh-TW/spells/spells-phb.json;data/zh-TW/spells/spells-xphb.json
spell,darkness,PHB,黑暗術,existing-site,data/zh-TW/bestiary/legendarygroups.json;data/zh-TW/class/class-monk.json;data/zh-TW/rules/senses.json;data/zh-TW/rules/variantrules.json;data/zh-TW/spells/spells-phb.json;data/zh-TW/spells/spells-xphb.json
spell,darkvision,PHB,黑暗視覺,existing-site,data/zh-TW/bestiary/bestiary-mpmm.json;data/zh-TW/character-options/races.json;data/zh-TW/class/class-monk.json;data/zh-TW/class/class-wizard.json;data/zh-TW/items/items-000.json;data/zh-TW/items/items-006.json;data/zh-TW/reference-pages/rewards.json;data/zh-TW/rules/senses.json;data/zh-TW/spells/spells-phb.json;data/zh-TW/spells/spells-xphb.json
spell,detect magic,PHB,偵測魔法,existing-site,data/zh-TW/spells/spells-phb.json;data/zh-TW/spells/spells-xphb.json
spell,disguise self,PHB,易容術,existing-site,data/zh-TW/items/items-004.json;data/zh-TW/spells/spells-phb.json;data/zh-TW/spells/spells-xphb.json
spell,disintegrate,PHB,解離術,existing-site,data/zh-TW/spells/spells-phb.json;data/zh-TW/spells/spells-xphb.json
spell,dispel magic,PHB,解除魔法,existing-site,data/zh-TW/items/items-000.json;data/zh-TW/spells/spells-phb.json;data/zh-TW/spells/spells-xphb.json
spell,divination,PHB,預言,existing-site,data/zh-TW/rules/variantrules.json;data/zh-TW/spells/spells-phb.json;data/zh-TW/spells/spells-xphb.json
spell,divine favor,PHB,神恩,existing-site,data/zh-TW/spells/spells-phb.json;data/zh-TW/spells/spells-xphb.json
spell,dominate person,PHB,支配類人,existing-site,data/zh-TW/spells/spells-phb.json;data/zh-TW/spells/spells-xphb.json
spell,enlarge/reduce,PHB,變巨/縮小術,existing-site,data/zh-TW/spells/spells-phb.json;data/zh-TW/spells/spells-xphb.json
spell,etherealness,PHB,以太化,existing-site,data/zh-TW/bestiary/bestiary-cm.json;data/zh-TW/bestiary/bestiary-cos.json;data/zh-TW/bestiary/bestiary-dc.json;data/zh-TW/bestiary/bestiary-dsotdq.json;data/zh-TW/bestiary/bestiary-idrotf.json;data/zh-TW/bestiary/bestiary-mm.json;data/zh-TW/bestiary/bestiary-ps-i.json;data/zh-TW/bestiary/bestiary-xmm.json;data/zh-TW/spells/spells-phb.json;data/zh-TW/spells/spells-xphb.json
spell,find familiar,PHB,尋獲魔寵,existing-site,data/zh-TW/spells/fluff-spells-xphb.json;data/zh-TW/spells/spells-phb.json;data/zh-TW/spells/spells-xphb.json
spell,finger of death,PHB,死亡一指,existing-site,data/zh-TW/spells/spells-phb.json;data/zh-TW/spells/spells-xphb.json
spell,fire bolt,PHB,火焰箭,existing-site,data/zh-TW/spells/spells-phb.json;data/zh-TW/spells/spells-xphb.json
spell,fireball,PHB,火球術,existing-site,data/zh-TW/bestiary/bestiary-bgdia.json;data/zh-TW/bestiary/bestiary-coa.json;data/zh-TW/bestiary/legendarygroups.json;data/zh-TW/spells/fluff-spells-phb.json;data/zh-TW/spells/fluff-spells-xphb.json;data/zh-TW/spells/spells-phb.json;data/zh-TW/spells/spells-xphb.json
spell,fly,PHB,飛行術,existing-site,data/zh-TW/spells/spells-phb.json;data/zh-TW/spells/spells-xphb.json
spell,fog cloud,PHB,雲霧術,existing-site,data/zh-TW/spells/spells-phb.json;data/zh-TW/spells/spells-xphb.json
spell,friends,PHB,交友術,existing-site,data/zh-TW/spells/spells-phb.json;data/zh-TW/spells/spells-xphb.json
spell,gentle repose,PHB,遺體防腐,existing-site,data/zh-TW/spells/spells-phb.json;data/zh-TW/spells/spells-xphb.json
spell,glyph of warding,PHB,守衛刻文,existing-site,data/zh-TW/spells/spells-phb.json;data/zh-TW/spells/spells-xphb.json
spell,greater invisibility,PHB,高等隱形術,existing-site,data/zh-TW/spells/spells-phb.json;data/zh-TW/spells/spells-xphb.json
spell,greater restoration,PHB,高等復原術,existing-site,data/zh-TW/spells/spells-phb.json;data/zh-TW/spells/spells-xphb.json
spell,hallow,PHB,聖居,existing-site,data/zh-TW/spells/spells-phb.json;data/zh-TW/spells/spells-xphb.json
spell,heroes' feast,PHB,英雄宴,existing-site,data/zh-TW/spells/fluff-spells-xphb.json;data/zh-TW/spells/spells-phb.json;data/zh-TW/spells/spells-xphb.json
spell,hold person,PHB,定身類人,existing-site,data/zh-TW/spells/spells-phb.json;data/zh-TW/spells/spells-xphb.json
spell,identify,PHB,鑑定術,existing-site,data/zh-TW/spells/spells-phb.json;data/zh-TW/spells/spells-xphb.json
spell,invisibility,PHB,隱形,existing-site,data/zh-TW/bestiary/bestiary-aitfr-thp.json;data/zh-TW/bestiary/bestiary-bam.json;data/zh-TW/bestiary/bestiary-bmt.json;data/zh-TW/bestiary/bestiary-hotb.json;data/zh-TW/bestiary/bestiary-mm.json;data/zh-TW/bestiary/bestiary-wdmm.json;data/zh-TW/bestiary/bestiary-wtthc.json;data/zh-TW/bestiary/bestiary-xmm.json;data/zh-TW/class/class-monk.json;data/zh-TW/rules/senses.json;data/zh-TW/spells/spells-phb.json;data/zh-TW/spells/spells-xphb.json
spell,knock,PHB,敲擊術,existing-site,data/zh-TW/spells/spells-phb.json;data/zh-TW/spells/spells-xphb.json
spell,lesser restoration,PHB,次等復原術,existing-site,data/zh-TW/spells/fluff-spells-xphb.json;data/zh-TW/spells/spells-phb.json;data/zh-TW/spells/spells-xphb.json
spell,levitate,PHB,浮空術,existing-site,data/zh-TW/bestiary/bestiary-wbtw.json;data/zh-TW/spells/spells-phb.json;data/zh-TW/spells/spells-xphb.json
spell,light,PHB,光亮術,existing-site,data/zh-TW/spells/spells-phb.json;data/zh-TW/spells/spells-xphb.json
spell,lightning bolt,PHB,閃電束,existing-site,data/zh-TW/items/items-003.json;data/zh-TW/spells/spells-phb.json;data/zh-TW/spells/spells-xphb.json
spell,locate object,PHB,物件定位術,existing-site,data/zh-TW/spells/spells-phb.json;data/zh-TW/spells/spells-xphb.json
spell,mage armor,PHB,法師護甲,existing-site,data/zh-TW/spells/fluff-spells-xphb.json;data/zh-TW/spells/spells-phb.json;data/zh-TW/spells/spells-xphb.json
spell,mage hand,PHB,法師之手,existing-site,data/zh-TW/spells/spells-phb.json;data/zh-TW/spells/spells-xphb.json
spell,magic circle,PHB,防護法陣,existing-site,data/zh-TW/spells/spells-phb.json;data/zh-TW/spells/spells-xphb.json
spell,magic missile,PHB,魔法飛彈,existing-site,data/zh-TW/bestiary/bestiary-wdmm.json;data/zh-TW/spells/fluff-spells-phb.json;data/zh-TW/spells/fluff-spells-xphb.json;data/zh-TW/spells/spells-phb.json;data/zh-TW/spells/spells-xphb.json
spell,magic mouth,PHB,魔嘴術,existing-site,data/zh-TW/spells/spells-phb.json;data/zh-TW/spells/spells-xphb.json
spell,magic weapon,PHB,魔化武器,existing-site,data/zh-TW/items/items-000.json;data/zh-TW/items/items-002.json;data/zh-TW/items/items-006.json;data/zh-TW/items/items-007.json;data/zh-TW/items/items-008.json;data/zh-TW/spells/spells-phb.json;data/zh-TW/spells/spells-xphb.json
spell,major image,PHB,高等幻影,existing-site,data/zh-TW/spells/spells-phb.json;data/zh-TW/spells/spells-xphb.json
spell,mass cure wounds,PHB,群體療傷術,existing-site,data/zh-TW/spells/spells-phb.json;data/zh-TW/spells/spells-xphb.json
spell,mending,PHB,修復術,existing-site,data/zh-TW/spells/spells-phb.json;data/zh-TW/spells/spells-xphb.json
spell,mind blank,PHB,心靈屏障,existing-site,data/zh-TW/spells/spells-phb.json;data/zh-TW/spells/spells-xphb.json
spell,mirror image,PHB,鏡影術,existing-site,data/zh-TW/spells/spells-phb.json;data/zh-TW/spells/spells-xphb.json
spell,misty step,PHB,迷蹤步,existing-site,data/zh-TW/bestiary/bestiary-fraif.json;data/zh-TW/bestiary/bestiary-xmm.json;data/zh-TW/reference-pages/charcreationoptions.json;data/zh-TW/spells/spells-phb.json;data/zh-TW/spells/spells-xphb.json
spell,moonbeam,PHB,月華之光,existing-site,data/zh-TW/spells/spells-phb.json;data/zh-TW/spells/spells-xphb.json
spell,nondetection,PHB,迴避偵測,existing-site,data/zh-TW/bestiary/bestiary-skt.json;data/zh-TW/items/items-005.json;data/zh-TW/spells/spells-phb.json;data/zh-TW/spells/spells-xphb.json
spell,phantom steed,PHB,魅影駒,existing-site,data/zh-TW/spells/fluff-spells-xphb.json;data/zh-TW/spells/spells-phb.json;data/zh-TW/spells/spells-xphb.json
spell,plane shift,PHB,位面轉移,existing-site,data/zh-TW/bestiary/bestiary-bmt.json;data/zh-TW/items/items-001.json;data/zh-TW/spells/spells-phb.json;data/zh-TW/spells/spells-xphb.json
spell,polymorph,PHB,變形術,existing-site,data/zh-TW/spells/spells-phb.json;data/zh-TW/spells/spells-xphb.json
spell,prestidigitation,PHB,魔法伎倆,existing-site,data/zh-TW/spells/spells-phb.json;data/zh-TW/spells/spells-xphb.json
spell,programmed illusion,PHB,預置幻影,existing-site,data/zh-TW/spells/fluff-spells-xphb.json;data/zh-TW/spells/spells-phb.json;data/zh-TW/spells/spells-xphb.json
spell,protection from evil and good,PHB,防護善惡,existing-site,data/zh-TW/spells/spells-phb.json;data/zh-TW/spells/spells-xphb.json
spell,protection from poison,PHB,防護毒素,existing-site,data/zh-TW/spells/spells-phb.json;data/zh-TW/spells/spells-xphb.json
spell,purify food and drink,PHB,淨化飲食,existing-site,data/zh-TW/spells/spells-phb.json;data/zh-TW/spells/spells-xphb.json
spell,raise dead,PHB,死者復活,existing-site,data/zh-TW/items/items-001.json;data/zh-TW/spells/fluff-spells-xphb.json;data/zh-TW/spells/spells-phb.json;data/zh-TW/spells/spells-xphb.json
spell,ray of sickness,PHB,致病射線,existing-site,data/zh-TW/spells/spells-phb.json;data/zh-TW/spells/spells-xphb.json
spell,reincarnate,PHB,轉生術,existing-site,data/zh-TW/spells/spells-phb.json;data/zh-TW/spells/spells-xphb.json
spell,remove curse,PHB,移除詛咒,existing-site,data/zh-TW/spells/spells-phb.json;data/zh-TW/spells/spells-xphb.json
spell,resurrection,PHB,復生術,existing-site,data/zh-TW/spells/spells-phb.json;data/zh-TW/spells/spells-xphb.json
spell,revivify,PHB,回生術,existing-site,data/zh-TW/items/items-007.json;data/zh-TW/spells/spells-phb.json;data/zh-TW/spells/spells-xphb.json
spell,sanctuary,PHB,庇護術,existing-site,data/zh-TW/spells/spells-phb.json;data/zh-TW/spells/spells-xphb.json
spell,scrying,PHB,探知術,existing-site,data/zh-TW/spells/fluff-spells-xphb.json;data/zh-TW/spells/spells-phb.json;data/zh-TW/spells/spells-xphb.json
spell,sending,PHB,短訊術,existing-site,data/zh-TW/spells/spells-phb.json;data/zh-TW/spells/spells-xphb.json
spell,shield,PHB,護盾術,existing-site,data/zh-TW/bestiary/bestiary-idrotf.json;data/zh-TW/bestiary/bestiary-mm.json;data/zh-TW/spells/spells-phb.json;data/zh-TW/spells/spells-xphb.json
spell,shocking grasp,PHB,電爪,existing-site,data/zh-TW/spells/spells-phb.json;data/zh-TW/spells/spells-xphb.json
spell,silence,PHB,沉默術,existing-site,data/zh-TW/spells/spells-phb.json;data/zh-TW/spells/spells-xphb.json
spell,sleep,PHB,睡眠術,existing-site,data/zh-TW/spells/spells-phb.json;data/zh-TW/spells/spells-xphb.json
spell,speak with dead,PHB,死者交談,existing-site,data/zh-TW/bastions/bastions.json;data/zh-TW/spells/spells-phb.json;data/zh-TW/spells/spells-xphb.json
spell,spiritual weapon,PHB,靈體武器,existing-site,data/zh-TW/spells/fluff-spells-xphb.json;data/zh-TW/spells/spells-phb.json;data/zh-TW/spells/spells-xphb.json
spell,staggering smite,PHB,驚懼斬,existing-site,data/zh-TW/spells/spells-phb.json;data/zh-TW/spells/spells-xphb.json
spell,stoneskin,PHB,石膚術,existing-site,data/zh-TW/spells/spells-phb.json;data/zh-TW/spells/spells-xphb.json
spell,suggestion,PHB,暗示術,existing-site,data/zh-TW/bestiary/bestiary-idrotf.json;data/zh-TW/spells/spells-phb.json;data/zh-TW/spells/spells-xphb.json
spell,teleport,PHB,傳送術,existing-site,data/zh-TW/bestiary/bestiary-coa.json;data/zh-TW/bestiary/bestiary-erlw.json;data/zh-TW/bestiary/bestiary-idrotf.json;data/zh-TW/bestiary/bestiary-mabjov.json;data/zh-TW/bestiary/bestiary-mm.json;data/zh-TW/bestiary/bestiary-mpmm.json;data/zh-TW/bestiary/bestiary-mpp.json;data/zh-TW/bestiary/bestiary-mtf.json;data/zh-TW/bestiary/bestiary-pabtso.json;data/zh-TW/bestiary/bestiary-veor.json;data/zh-TW/bestiary/bestiary-xmm.json;data/zh-TW/spells/spells-phb.json;data/zh-TW/spells/spells-xphb.json
spell,teleportation circle,PHB,傳送法陣,existing-site,data/zh-TW/bastions/bastions.json;data/zh-TW/spells/spells-phb.json;data/zh-TW/spells/spells-xphb.json
spell,thaumaturgy,PHB,奇術,existing-site,data/zh-TW/class/class-ranger.json;data/zh-TW/spells/spells-phb.json;data/zh-TW/spells/spells-xphb.json
spell,thunderous smite,PHB,雷鳴斬,existing-site,data/zh-TW/spells/spells-phb.json;data/zh-TW/spells/spells-xphb.json
spell,thunderwave,PHB,雷鳴波,existing-site,data/zh-TW/spells/spells-phb.json;data/zh-TW/spells/spells-xphb.json
spell,time stop,PHB,時間停止,existing-site,data/zh-TW/spells/spells-phb.json;data/zh-TW/spells/spells-xphb.json
spell,true seeing,PHB,真知術,existing-site,data/zh-TW/spells/spells-phb.json;data/zh-TW/spells/spells-xphb.json
spell,unseen servant,PHB,隱形僕役,existing-site,data/zh-TW/spells/spells-phb.json;data/zh-TW/spells/spells-xphb.json
spell,vampiric touch,PHB,吸血鬼之觸,existing-site,data/zh-TW/spells/spells-phb.json;data/zh-TW/spells/spells-xphb.json
spell,wall of fire,PHB,火牆術,existing-site,data/zh-TW/spells/spells-phb.json;data/zh-TW/spells/spells-xphb.json
spell,wall of stone,PHB,石牆術,existing-site,data/zh-TW/spells/spells-phb.json;data/zh-TW/spells/spells-xphb.json
spell,web,PHB,蛛網術,existing-site,data/zh-TW/bestiary/bestiary-dod.json;data/zh-TW/items/items-001.json;data/zh-TW/spells/fluff-spells-phb.json;data/zh-TW/spells/spells-phb.json;data/zh-TW/spells/spells-xphb.json
spell,wish,PHB,祈願術,existing-site,data/zh-TW/bestiary/bestiary-bam.json;data/zh-TW/items/item-groups.json;data/zh-TW/items/items-007.json;data/zh-TW/items/magicvariants.json;data/zh-TW/spells/spells-phb.json;data/zh-TW/spells/spells-xphb.json
spell,witch bolt,PHB,巫術箭,existing-site,data/zh-TW/spells/fluff-spells-xphb.json;data/zh-TW/spells/spells-phb.json;data/zh-TW/spells/spells-xphb.json
status,surprised,PHB,突襲,existing-site,data/zh-TW/rules/conditionsdiseases.json
variantrule,Player Characters as Lycanthropes,MM,玩家角色,existing-site,data/zh-TW/bestiary/fluff-bestiary-mm.json;data/zh-TW/bestiary/fluff-bestiary-tftyp.json;data/zh-TW/rules/variantrules.json
