book,context,english,zh_tw,status
HotDQ,/data/0/name,Campaign Overview,戰役概覽,project-proposed
HotDQ,/data/0/entries/2/entries/0/entries/0/name,Adventure Supplements,冒險補充,project-proposed
HotDQ,/data/0/entries/3/name,Hoard of the Dragon Queen,龍後的寶山,project-proposed
HotDQ,/data/0/entries/3/entries/1/entries/0/entries/0/name,Character Advancement,角色升級,existing-site
HotDQ,/data/0/entries/3/entries/2/name,Background,背景,project-proposed
HotDQ,/data/0/entries/3/entries/2/entries/1/name,Dragon Masks,龍面具,project-proposed
HotDQ,/data/0/entries/3/entries/2/entries/2/name,Secrets,秘密,project-proposed
HotDQ,/data/0/entries/3/entries/2/entries/3/name,Cult Organization,邪教組織,project-proposed
HotDQ,/data/0/entries/3/entries/3/name,Overview,概述,project-proposed
HotDQ,/data/0/entries/4/name,The Rise of Tiamat,提亞馬特的崛起,project-proposed
HotDQ,/data/0/entries/4/entries/1/entries/0/entries/0/name,Character Advancement,角色升級,existing-site
HotDQ,/data/0/entries/4/entries/2/name,Background,背景,project-proposed
HotDQ,/data/0/entries/4/entries/2/entries/3/name,Secrets,秘密,project-proposed
HotDQ,/data/0/entries/4/entries/2/entries/4/name,Allied Forces,聯盟力量,project-proposed
HotDQ,/data/0/entries/4/entries/3/name,Overview,概述,project-proposed
HotDQ,/data/0/entries/4/entries/4/name,Outline,大綱,project-proposed
HotDQ,/data/0/entries/4/entries/5/name,Stage 1,階段 1,project-proposed
HotDQ,/data/0/entries/4/entries/5/entries/0/name,First Council of Waterdeep,深水城第一議會,project-proposed
HotDQ,/data/0/entries/4/entries/5/entries/1/name,Varram the White,白龍語者瓦拉姆,project-proposed
HotDQ,/data/0/entries/4/entries/5/entries/2/name,The Sea of Moving Ice,移動冰海,project-proposed
HotDQ,/data/0/entries/4/entries/5/entries/3/name,The Cult Strikes Back (Part 1),邪教反擊（第一部分）,project-proposed
HotDQ,/data/0/entries/4/entries/6/name,Stage 2,階段 2,project-proposed
HotDQ,/data/0/entries/4/entries/6/entries/0/name,Second Council of Waterdeep,深水城第二議會,project-proposed
HotDQ,/data/0/entries/4/entries/6/entries/1/name,Neronvain,內洛維,existing-site
HotDQ,/data/0/entries/4/entries/6/entries/2/name,"Metallic Dragons, Arise",金屬龍，覺醒,project-proposed
HotDQ,/data/0/entries/4/entries/6/entries/3/name,The Cult Strikes Back (Part 2),邪教反擊（第二部分）,project-proposed
HotDQ,/data/0/entries/4/entries/7/name,Stage 3,階段 3,project-proposed
HotDQ,/data/0/entries/4/entries/7/entries/0/name,Third Council of Waterdeep,深水城第三議會,project-proposed
HotDQ,/data/0/entries/4/entries/7/entries/1/name,Xonthal's Tower,贊薩爾之塔,project-proposed
HotDQ,/data/0/entries/4/entries/7/entries/2/name,Mission to Thay,前往賽爾的使命,project-proposed
HotDQ,/data/0/entries/4/entries/7/entries/3/name,The Cult Strikes Back (Part 3),邪教反擊（第三部分）,project-proposed
HotDQ,/data/0/entries/4/entries/8/name,Stage 4,第四階段,project-proposed
HotDQ,/data/0/entries/4/entries/8/entries/0/name,Fourth Council of Waterdeep,深水城第四議會,project-proposed
HotDQ,/data/0/entries/4/entries/8/entries/1/name,Tiamat's Return,提亞馬特的歸來,project-proposed
HotDQ,/data/0/entries/4/entries/9/name,Advancement,提升,project-proposed
HotDQ,/data/0/entries/4/entries/10/name,Adventure Hooks,冒險引子,project-proposed
HotDQ,/data/0/entries/4/entries/10/entries/2/name,Recurring Villains,反覆出現的反派,project-proposed
HotDQ,/data/0/entries/4/entries/11/name,Additional Encounters,額外遭遇,project-proposed
HotDQ,/data/0/entries/4/entries/11/entries/1/name,Monstrous Uprising,怪物起義,project-proposed
HotDQ,/data/0/entries/4/entries/11/entries/2/name,Power of the Cult,邪教的力量,project-proposed
HotDQ,/data/0/entries/4/entries/11/entries/3/name,Devilish Demands,邪惡的要求,project-proposed
HotDQ,/data/0/entries/4/entries/11/entries/4/name,Captive Cultist,俘虜的邪教徒,project-proposed
HotDQ,/data/0/entries/4/entries/11/entries/5/name,Fallen Hero,墮落的英雄,project-proposed
HotDQ,/data/0/entries/4/entries/11/entries/6/name,Death at the Council,議會之死,project-proposed
HotDQ,/data/0/entries/5/name,Running the Adventure,運作冒險,project-proposed
HotDQ,/data/0/entries/7/name,Campaign Villains,戰役反派,project-proposed
HotDQ,/data/0/entries/7/entries/1/name,The Cult of the Dragon,龍巫教,project-proposed
HotDQ,/data/0/entries/7/entries/1/entries/3/name,Daily Operations,日常運作,project-proposed
HotDQ,/data/0/entries/7/entries/1/entries/4/name,Cult Structure,邪教結構,project-proposed
HotDQ,/data/0/entries/7/entries/1/entries/5/name,Wearers of Purple,紫衣者,project-proposed
HotDQ,/data/0/entries/7/entries/1/entries/6/name,The Inner Circle,內圈,project-proposed
HotDQ,/data/0/entries/7/entries/1/entries/7/name,Dissent in the Ranks,隊伍中的異議,project-proposed
HotDQ,/data/0/entries/7/entries/1/entries/8/name,Using the Cult of the Dragon,利用龍巫教,project-proposed
HotDQ,/data/0/entries/7/entries/2/name,Red Wizards of Thay,賽爾紅袍法師,project-proposed
HotDQ,/data/0/entries/7/entries/2/entries/2/name,Rath Modar's Ambition,拉斯·莫達的野心,project-proposed
HotDQ,/data/0/entries/7/entries/2/entries/3/name,Using the Red Wizards,利用紅法師,project-proposed
HotDQ,/data/0/entries/7/entries/3/name,Hosts of the Nine Hells,九層地獄的主人,project-proposed
HotDQ,/data/0/entries/7/entries/3/entries/5/name,Using Devils,利用惡魔,project-proposed
HotDQ,/data/0/entries/7/entries/4/name,Chromatic Dragons,色彩龍,existing-site
HotDQ,/data/0/entries/7/entries/4/entries/2/name,Using Chromatic Dragons,使用色彩龍,project-proposed
HotDQ,/data/0/entries/7/entries/5/name,Giants,巨人,existing-site
HotDQ,/data/0/entries/7/entries/5/entries/2/name,Using Giants,利用巨人,project-proposed
HotDQ,/data/0/entries/8/name,Campaign Allies,戰役盟友,project-proposed
HotDQ,/data/0/entries/8/entries/2/name,The Harpers,豎琴手聯盟,existing-site
HotDQ,/data/0/entries/8/entries/2/entries/3/name,Using the Harpers,利用豎琴手聯盟,project-proposed
HotDQ,/data/0/entries/8/entries/2/entries/4/name,Remallia Haventree,蕾米莉亞·港樹,existing-site
HotDQ,/data/0/entries/8/entries/3/name,The Order of the Gauntlet,鐵手套教團,existing-site
HotDQ,/data/0/entries/8/entries/3/entries/4/name,Using the Order of the Gauntlet,運用鐵手套教團,project-proposed
HotDQ,/data/0/entries/8/entries/3/entries/5/name,Ontharr Frume,昂塔爾·弗魯姆,existing-site
HotDQ,/data/0/entries/8/entries/4/name,The Emerald Enclave,翠綠閒庭,existing-site
HotDQ,/data/0/entries/8/entries/4/entries/3/name,Using the Emerald Enclave,運用翠綠閒庭,project-proposed
HotDQ,/data/0/entries/8/entries/4/entries/4/name,Delaan Winterhound,德拉安·溫特霍德,project-proposed
HotDQ,/data/0/entries/8/entries/5/name,The Lords' Alliance,領主聯盟,existing-site
HotDQ,/data/0/entries/8/entries/5/entries/3/name,Using the Lords' Alliance,利用領主聯盟,project-proposed
HotDQ,/data/0/entries/8/entries/5/entries/4/name,On the Council,在議會上,project-proposed
HotDQ,/data/0/entries/8/entries/5/entries/5/name,Lady Laeral Silverhand,萊拉·銀手女士,project-proposed
HotDQ,/data/0/entries/8/entries/5/entries/6/name,Lord Dagult Neverember,達格魯特·無燼,project-proposed
HotDQ,/data/0/entries/8/entries/5/entries/7/name,Ambassador Connerad Brawnanvil,大使康納拉德·布朗安維爾,project-proposed
HotDQ,/data/0/entries/8/entries/5/entries/8/name,Marshall Ulder Ravengard,馬歇爾·烏爾德·鴉衛,project-proposed
HotDQ,/data/0/entries/8/entries/5/entries/9/name,King Melandrach,梅蘭德拉克國王,project-proposed
HotDQ,/data/0/entries/8/entries/5/entries/10/name,"Taern ""Thunderspells"" Hornblade",塔恩 '雷咒' 霍恩布萊德,project-proposed
HotDQ,/data/0/entries/8/entries/5/entries/11/name,Sir Isteval,伊斯提瓦爾爵士,project-proposed
HotDQ,/data/0/entries/8/entries/6/name,The Zhentarim,散塔林會,existing-site
HotDQ,/data/0/entries/8/entries/6/entries/9/name,Using the Zhentarim,利用散塔林會,project-proposed
HotDQ,/data/0/entries/8/entries/6/entries/10/name,Rian Nightshade,瑞安·夜影,project-proposed
HotDQ,/data/0/entries/8/entries/7/name,Metallic Dragons,金屬龍,existing-site
HotDQ,/data/0/entries/8/entries/7/entries/1/name,Using Metallic Dragons,使用金屬龍,project-proposed
HotDQ,/data/0/entries/8/entries/8/name,Giants,巨人,existing-site
HotDQ,/data/0/entries/8/entries/8/entries/1/name,Using Giants,利用巨人,project-proposed
HotDQ,/data/1/name,Chapter 1: Greenest in Flames,第1章：燃燒的綠野鎮,project-proposed
HotDQ,/data/1/entries/4/name,Character Hooks,角色鉤子,project-proposed
HotDQ,/data/1/entries/5/name,The Approach,接近,project-proposed
HotDQ,/data/1/entries/6/name,General Features,通用特徵,project-proposed
HotDQ,/data/1/entries/6/entries/1/entries/0/entries/0/name,Light,光線,existing-site
HotDQ,/data/1/entries/6/entries/1/entries/0/entries/1/name,Fires,火堆,project-proposed
HotDQ,/data/1/entries/6/entries/1/entries/0/entries/2/name,The Stream,小溪,project-proposed
HotDQ,/data/1/entries/6/entries/2/name,Important Characters,重要人物,project-proposed
HotDQ,/data/1/entries/6/entries/2/entries/0/name,Governor Nighthill,夜丘總督,project-proposed
HotDQ,/data/1/entries/6/entries/2/entries/1/name,Castellan Escobert the Red,紅鬚堡主埃斯科伯特,project-proposed
HotDQ,/data/1/entries/7/name,Wandering Encounters,隨機遭遇,project-proposed
HotDQ,/data/1/entries/7/entries/3/entries/0/name,Chapter 1 Encounters,第1章 遭遇,project-proposed
HotDQ,/data/1/entries/7/entries/3/entries/0/entries/3/name,Stolen Treasure,被盜的寶藏,project-proposed
HotDQ,/data/1/entries/7/entries/4/name,Seek the Keep,尋找城堡,project-proposed
HotDQ,/data/1/entries/7/entries/4/entries/8/name,Rewards,獎勵,project-proposed
HotDQ,/data/1/entries/8/name,Missions,任務,project-proposed
HotDQ,/data/1/entries/8/entries/4/name,The Old Tunnel,古老的隧道,project-proposed
HotDQ,/data/1/entries/8/entries/4/entries/2/name,Locks,鎖,project-proposed
HotDQ,/data/1/entries/8/entries/4/entries/3/name,Foes,敵人,project-proposed
HotDQ,/data/1/entries/8/entries/4/entries/4/name,Rewards,獎勵,project-proposed
HotDQ,/data/1/entries/8/entries/5/name,The Sally Port,出擊口,project-proposed
HotDQ,/data/1/entries/8/entries/5/entries/4/name,Rewards,獎勵,project-proposed
HotDQ,/data/1/entries/8/entries/6/name,Dragon Attack,龍的攻擊,project-proposed
HotDQ,/data/1/entries/8/entries/6/entries/3/name,Rewards,獎勵,project-proposed
HotDQ,/data/1/entries/8/entries/7/name,Prisoners,囚犯,project-proposed
HotDQ,/data/1/entries/8/entries/7/entries/7/name,Rewards,獎勵,project-proposed
HotDQ,/data/1/entries/8/entries/8/name,Save the Mill,拯救磨坊,project-proposed
HotDQ,/data/1/entries/8/entries/8/entries/8/name,Rewards,獎勵,project-proposed
HotDQ,/data/1/entries/8/entries/9/name,Sanctuary,庇護術,existing-site
HotDQ,/data/1/entries/8/entries/9/entries/2/name,Foes,敵人,project-proposed
HotDQ,/data/1/entries/8/entries/9/entries/3/name,Arranging a Rescue,安排救援,project-proposed
HotDQ,/data/1/entries/8/entries/9/entries/4/name,Rewards,獎勵,project-proposed
HotDQ,/data/1/entries/8/entries/10/name,Half-Dragon Champion,半龍冠軍,project-proposed
HotDQ,/data/1/entries/8/entries/10/entries/10/name,Rewards,獎勵,project-proposed
HotDQ,/data/1/entries/8/entries/10/entries/11/name,Developments,發展,project-proposed
HotDQ,/data/2/name,Chapter 2: Raiders' Camp,第2章：襲擊者營地,project-proposed
HotDQ,/data/2/entries/9/name,Tracking the Raiders,追蹤襲擊者,project-proposed
HotDQ,/data/2/entries/9/entries/3/name,Cult of the Dragon Ranks,龍巫教等級,project-proposed
HotDQ,/data/2/entries/9/entries/4/name,Stragglers,掉隊者,project-proposed
HotDQ,/data/2/entries/9/entries/4/entries/5/name,Rewards,獎勵,project-proposed
HotDQ,/data/2/entries/9/entries/5/name,Rearguard,後衛,project-proposed
HotDQ,/data/2/entries/9/entries/5/entries/6/name,Developments,發展,project-proposed
HotDQ,/data/2/entries/9/entries/5/entries/7/name,Rewards,獎勵,project-proposed
HotDQ,/data/2/entries/10/name,The Camp,營地,project-proposed
HotDQ,/data/2/entries/10/entries/2/name,General Features,通用特徵,project-proposed
HotDQ,/data/2/entries/10/entries/2/entries/0/entries/0/name,Boulders,巨石,project-proposed
HotDQ,/data/2/entries/10/entries/2/entries/0/entries/1/name,Brush,刷子,project-proposed
HotDQ,/data/2/entries/10/entries/2/entries/0/entries/2/name,Caves,洞穴,project-proposed
HotDQ,/data/2/entries/10/entries/2/entries/0/entries/3/name,Guard Towers,守衛塔,project-proposed
HotDQ,/data/2/entries/10/entries/2/entries/0/entries/4/name,Prisoners,囚犯,project-proposed
HotDQ,/data/2/entries/10/entries/2/entries/0/entries/5/name,Slopes,斜坡,project-proposed
HotDQ,/data/2/entries/10/entries/2/entries/0/entries/6/name,Tents,帳篷,project-proposed
HotDQ,/data/2/entries/10/entries/3/name,Camp Alertness,營地警覺性,project-proposed
HotDQ,/data/2/entries/10/entries/3/entries/7/name,Captured!,被俘！,project-proposed
HotDQ,/data/2/entries/10/entries/4/name,Exploring the Camp,探索營地,project-proposed
HotDQ,/data/2/entries/10/entries/5/name,Leosin Erlanthar,雷歐辛·厄蘭塔,existing-site
HotDQ,/data/2/entries/11/name,Rewards,獎勵,project-proposed
HotDQ,/data/3/name,Chapter 3: Dragon Hatchery,第3章：龍孵化場,project-proposed
HotDQ,/data/3/entries/5/name,Abandoned Camp,廢棄營地,project-proposed
HotDQ,/data/3/entries/6/name,Dragon Hatchery,龍蛋孵化場,project-proposed
HotDQ,/data/3/entries/6/entries/1/name,General Features,通用特徵,project-proposed
HotDQ,/data/3/entries/6/entries/1/entries/0/entries/0/name,Ceilings,天花板,project-proposed
HotDQ,/data/3/entries/6/entries/1/entries/0/entries/1/name,Light,光線,existing-site
HotDQ,/data/3/entries/6/entries/1/entries/0/entries/2/name,Sound,聲音,existing-site
HotDQ,/data/3/entries/6/entries/2/name,Wandering Monsters,遊蕩怪物,project-proposed
HotDQ,/data/3/entries/6/entries/2/entries/1/name,Chapter 3 Encounters,第3章 遭遇戰,project-proposed
HotDQ,/data/3/entries/6/entries/3/name,1. Cave Entrance,1. 洞穴入口,project-proposed
HotDQ,/data/3/entries/6/entries/4/name,2. Concealed Passage,2. 隱藏通道,project-proposed
HotDQ,/data/3/entries/6/entries/5/name,3. Fungus Garden,3. 真菌花園,project-proposed
HotDQ,/data/3/entries/6/entries/5/entries/3/name,Trapped Stairs,樓梯陷阱,project-proposed
HotDQ,/data/3/entries/6/entries/6/name,4. Stirge Lair,4. 吸血怪巢穴,project-proposed
HotDQ,/data/3/entries/6/entries/7/name,5. Troglodyte Incursion,5. 穴蜥人入侵,project-proposed
HotDQ,/data/3/entries/6/entries/7/entries/3/name,Treasure,寶藏,existing-site
HotDQ,/data/3/entries/6/entries/8/name,6. Meat Locker,6. 肉類冷藏室,project-proposed
HotDQ,/data/3/entries/6/entries/8/entries/5/name,Trapped Curtain,陷阱簾幕,project-proposed
HotDQ,/data/3/entries/6/entries/9/name,7. Drake Nursery,7. 幼龍育嬰室,project-proposed
HotDQ,/data/3/entries/6/entries/9/entries/5/name,Spike Trap,尖刺陷阱,project-proposed
HotDQ,/data/3/entries/6/entries/10/name,8. Kobold Barracks,8. 狗頭人營房,project-proposed
HotDQ,/data/3/entries/6/entries/10/entries/2/name,Collapsing Trap,塌陷陷阱,project-proposed
HotDQ,/data/3/entries/6/entries/10/entries/3/name,Treasure,寶藏,existing-site
HotDQ,/data/3/entries/6/entries/11/name,9. Dragon Shrine,9. 龍神殿,project-proposed
HotDQ,/data/3/entries/6/entries/11/entries/13/name,Acid Trap,酸性陷阱,project-proposed
HotDQ,/data/3/entries/6/entries/11/entries/14/name,Treasure,寶藏,existing-site
HotDQ,/data/3/entries/6/entries/12/name,10. Dragon Hatchery,10. 龍巢,project-proposed
HotDQ,/data/3/entries/6/entries/12/entries/4/name,10A. Black Dragon Eggs,10A. 黑龍蛋,project-proposed
HotDQ,/data/3/entries/6/entries/12/entries/5/name,10B. Kobolds in Hiding,10B. 隱藏的狗頭人,project-proposed
HotDQ,/data/3/entries/6/entries/12/entries/5/entries/1/name,Glue Bomb,膠水炸彈,project-proposed
HotDQ,/data/3/entries/6/entries/12/entries/5/entries/2/name,Fire Bomb,火焰炸彈,project-proposed
HotDQ,/data/3/entries/6/entries/13/name,11. Frulam Mondath's Chamber,11. 弗魯拉姆·蒙達斯的房間,project-proposed
HotDQ,/data/3/entries/6/entries/13/entries/4/name,Developments,發展,project-proposed
HotDQ,/data/3/entries/6/entries/14/name,12. Guard Barracks,12. 警衛營房,project-proposed
HotDQ,/data/3/entries/6/entries/14/entries/2/name,Treasure,寶藏,existing-site
HotDQ,/data/3/entries/6/entries/15/name,13. Treasure Storage,13. 寶藏儲藏,project-proposed
HotDQ,/data/3/entries/7/name,Rewards,獎勵,project-proposed
HotDQ,/data/4/name,Chapter 4: On the Road,第4章：在路上,project-proposed
HotDQ,/data/4/entries/4/name,Elturel,埃爾託瑞爾,project-proposed
HotDQ,/data/4/entries/4/entries/4/name,The Order of the Gauntlet,鐵手套教團,existing-site
HotDQ,/data/4/entries/4/entries/5/name,The Mission,任務,project-proposed
HotDQ,/data/4/entries/5/name,Baldur's Gate,博德之門,project-proposed
HotDQ,/data/4/entries/5/entries/3/name,Hiring Out,接受僱傭,project-proposed
HotDQ,/data/4/entries/5/entries/3/entries/6/name,Hiring Out,接受僱傭,project-proposed
HotDQ,/data/4/entries/6/name,Fellow Travelers,同行旅伴,project-proposed
HotDQ,/data/4/entries/6/entries/1/name,Key Nonplayer Characters,關鍵非玩家角色,project-proposed
HotDQ,/data/4/entries/6/entries/2/name,Other Nonplayer Characters,其他非玩家角色,project-proposed
HotDQ,/data/4/entries/6/entries/2/entries/1/entries/0/name,Achreny Ulyeltin (Male Human Merchant),阿克雷尼·尤利爾廷（男性人類商人）,project-proposed
HotDQ,/data/4/entries/6/entries/2/entries/1/entries/1/name,Aldor Urnpoleshurst (Male Human Lawyer),阿爾多·厄姆普爾斯赫斯特（男性人類律師）,project-proposed
HotDQ,/data/4/entries/6/entries/2/entries/1/entries/2/name,Beyd Sechepol (Male Half-Elf Merchant),貝德·塞切波爾（男性半精靈商人）,project-proposed
HotDQ,/data/4/entries/6/entries/2/entries/1/entries/3/name,Edhelri Lewel (Female Moon Elf Merchant),埃德爾莉·勒韋爾（女性月精靈商人）,project-proposed
HotDQ,/data/4/entries/6/entries/2/entries/1/entries/4/name,Eldkin Agetul (Female Shield Dwarf Guard),艾爾德金·阿格圖爾（女性盾矮人守衛）,project-proposed
HotDQ,/data/4/entries/6/entries/2/entries/1/entries/5/name,Enom Tobun (Male Lightfoot Halfling Teamster),伊諾姆·託邦（男性輕足半身人馬車伕）,project-proposed
HotDQ,/data/4/entries/6/entries/2/entries/1/entries/6/name,Green Imsa (Female Human Traveler),格林·伊姆薩（女性人類旅行者）,project-proposed
HotDQ,/data/4/entries/6/entries/2/entries/1/entries/7/name,Lai Angesstun (Male Gold Dwarf Merchant),萊·安格斯通（男性金矮人商人）,project-proposed
HotDQ,/data/4/entries/6/entries/2/entries/1/entries/8/name,Lasfelro the Silent (Male Human Merchant),拉斯費爾羅·寂靜（男性人類商人）,project-proposed
HotDQ,/data/4/entries/6/entries/2/entries/1/entries/9/name,Leda Widris (Female Human Guard),萊達·威德里斯（女性人類守衛）,project-proposed
HotDQ,/data/4/entries/6/entries/2/entries/1/entries/10/name,Losvius Longnose (Male Lightfoot Halfling Teamster),洛斯維烏斯·朗諾斯（男性輕足半身人馬車伕）,project-proposed
HotDQ,/data/4/entries/6/entries/2/entries/1/entries/11/name,Noohar Serelim (Male Moon Elf Merchant),諾哈·塞雷林（男性月精靈商人）,project-proposed
HotDQ,/data/4/entries/6/entries/2/entries/1/entries/12/name,Nyerhite Verther (Male Human Merchant),尼爾赫特·維爾瑟（男性人類商人）,project-proposed
HotDQ,/data/4/entries/6/entries/2/entries/1/entries/13/name,Orvustia Esseren (Female Human Guard),奧維斯蒂亞·埃瑟倫（女性人類守衛）,project-proposed
HotDQ,/data/4/entries/6/entries/2/entries/1/entries/14/name,Oyn Evenmor (Male Human Merchant),奧因·埃文摩爾（男性人類商人）,project-proposed
HotDQ,/data/4/entries/6/entries/2/entries/1/entries/15/name,Radecere Perethun (Male Rock Gnome Traveler),拉德賽爾·佩雷瑟恩（男性岩石地侏旅行者）,project-proposed
HotDQ,/data/4/entries/6/entries/2/entries/1/entries/16/name,Samardag the Hoper (Male Human Merchant),薩瑪達格·希望者（男性人類商人）,project-proposed
HotDQ,/data/4/entries/6/entries/2/entries/1/entries/17/name,Sulesdeg the Pole (Male Human Guard),蘇勒斯德格·波爾（男性人類守衛）,project-proposed
HotDQ,/data/4/entries/6/entries/2/entries/1/entries/18/name,Tyjit Skesh (Female Shield Dwarf Guard),泰吉特·斯凱什（女性盾矮人守衛）,project-proposed
HotDQ,/data/4/entries/6/entries/2/entries/1/entries/19/name,Werond Torohar (Female Human Teamster),韋龍德·託羅哈爾（女性人類車伕）,project-proposed
HotDQ,/data/4/entries/7/name,Life on the Road,路上的生活,project-proposed
HotDQ,/data/4/entries/8/name,Random Road Events,隨機道路事件,project-proposed
HotDQ,/data/4/entries/8/entries/6/entries/0/name,Trade Way Events,貿易之路事件,project-proposed
HotDQ,/data/4/entries/8/entries/7/name,Adventuring Life,冒險生活,project-proposed
HotDQ,/data/4/entries/8/entries/8/name,Animal Abuse,動物虐待,project-proposed
HotDQ,/data/4/entries/8/entries/9/name,Bane of the Mountains,山嶽之敵,existing-site
HotDQ,/data/4/entries/8/entries/10/name,Contraband,走私品,project-proposed
HotDQ,/data/4/entries/8/entries/11/name,Everything Has a Price,萬物皆有價,project-proposed
HotDQ,/data/4/entries/8/entries/12/name,Fungus Humongous,巨大真菌,project-proposed
HotDQ,/data/4/entries/8/entries/13/name,The Golden Stag,金色鹿,project-proposed
HotDQ,/data/4/entries/8/entries/14/name,Payback,報復,project-proposed
HotDQ,/data/4/entries/8/entries/15/name,No Room at the Inn,客棧無空房,project-proposed
HotDQ,/data/4/entries/8/entries/16/name,Roadside Hospitality,路邊的款待,project-proposed
HotDQ,/data/4/entries/8/entries/17/name,Spider Woods,蜘蛛森林,project-proposed
HotDQ,/data/4/entries/8/entries/18/name,Stranded,擱淺,project-proposed
HotDQ,/data/4/entries/9/name,Planned Road Events,計劃中的道路事件,project-proposed
HotDQ,/data/4/entries/9/entries/1/name,Recognized!,識別成功！,project-proposed
HotDQ,/data/4/entries/9/entries/2/name,Unwanted Attention,不受歡迎的關注,project-proposed
HotDQ,/data/4/entries/9/entries/3/name,Who's Your Friend?,誰是你的朋友？,project-proposed
HotDQ,/data/4/entries/9/entries/4/name,Murder Most Foul,最惡劣的謀殺,project-proposed
HotDQ,/data/5/name,Chapter 5: Construction Ahead,第5章：前方施工,project-proposed
HotDQ,/data/5/entries/2/name,Waterdeep,深水城,project-proposed
HotDQ,/data/5/entries/3/name,"Northbound, Again",再次北行,project-proposed
HotDQ,/data/5/entries/3/entries/3/name,Encounters North of Waterdeep,深水城以北的遭遇,project-proposed
HotDQ,/data/5/entries/3/entries/3/entries/2/name,Encounters North of Waterdeep,深水城以北的遭遇,project-proposed
HotDQ,/data/5/entries/4/name,Carnath Roadhouse,卡納特客棧,project-proposed
HotDQ,/data/5/entries/4/entries/1/name,Essential Ingredients,必需成分,project-proposed
HotDQ,/data/5/entries/4/entries/2/name,1. Courtyard,1. 庭院,project-proposed
HotDQ,/data/5/entries/4/entries/3/name,2. Stables,2. 馬廄,project-proposed
HotDQ,/data/5/entries/4/entries/4/name,3. Warehouse,3. 倉庫,project-proposed
HotDQ,/data/5/entries/4/entries/5/name,4. Strong Room,4. 堅固房間,project-proposed
HotDQ,/data/5/entries/4/entries/6/name,5. Rooms,5. 房間,project-proposed
HotDQ,/data/5/entries/4/entries/7/name,6. Bog Luck's Room,6. 博格·勒克的房間,project-proposed
HotDQ,/data/5/entries/4/entries/8/name,7. Ardred Briferhew's Room,7. 阿德雷德·布里弗休的房間,project-proposed
HotDQ,/data/5/entries/4/entries/9/name,8. Kitchen,8. 廚房,project-proposed
HotDQ,/data/5/entries/5/name,Tracking the Load,追蹤貨物,project-proposed
HotDQ,/data/5/entries/6/name,Grudge Match,恩怨對決,project-proposed
HotDQ,/data/6/name,Chapter 6: Castle Naerytar,第6章：納里塔城堡,project-proposed
HotDQ,/data/6/entries/4/name,Traveling to the Castle,前往城堡,project-proposed
HotDQ,/data/6/entries/4/entries/1/entries/0/name,Day 1,第一天,project-proposed
HotDQ,/data/6/entries/4/entries/1/entries/1/name,Evening 1,第一天晚上,project-proposed
HotDQ,/data/6/entries/4/entries/1/entries/2/name,Day 2,第二天,project-proposed
HotDQ,/data/6/entries/4/entries/2/name,Mere of Dead Men Random Encounters,死水潭隨機遭遇,project-proposed
HotDQ,/data/6/entries/4/entries/2/entries/1/name,Mere of Dead Men Encounters,死靈之湖遭遇,project-proposed
HotDQ,/data/6/entries/4/entries/2/entries/1/entries/1/name,Bullywugs,啵靈蛙,existing-site
HotDQ,/data/6/entries/4/entries/2/entries/1/entries/2/name,Crocodiles,鱷魚,project-proposed
HotDQ,/data/6/entries/4/entries/2/entries/1/entries/3/name,Giant Frogs,巨蛙,project-proposed
HotDQ,/data/6/entries/4/entries/2/entries/1/entries/4/name,Giant Lizards,巨蜥,project-proposed
HotDQ,/data/6/entries/4/entries/2/entries/1/entries/5/name,Giant Spiders,巨蜘蛛,project-proposed
HotDQ,/data/6/entries/4/entries/2/entries/1/entries/6/name,Lizardfolk,蜥蜴人,existing-site
HotDQ,/data/6/entries/4/entries/2/entries/1/entries/7/name,Quicksand,流沙,project-proposed
HotDQ,/data/6/entries/4/entries/2/entries/1/entries/8/name,Shambling Mound,蔓生怪,existing-site
HotDQ,/data/6/entries/4/entries/2/entries/1/entries/9/name,Will-o'-Wisps,鬼火,project-proposed
HotDQ,/data/6/entries/4/entries/2/entries/1/entries/10/name,Yuan-ti Hunting Party,蛇人狩獵隊,project-proposed
HotDQ,/data/6/entries/5/name,Castle Naerytar,納里塔城堡,project-proposed
HotDQ,/data/6/entries/5/entries/4/name,Factions,派系,project-proposed
HotDQ,/data/6/entries/5/entries/4/entries/2/name,Cult of the Dragon,龍巫教,project-proposed
HotDQ,/data/6/entries/5/entries/4/entries/3/name,Bullywugs,啵靈蛙,existing-site
HotDQ,/data/6/entries/5/entries/4/entries/4/name,Lizardfolk,蜥蜴人,existing-site
HotDQ,/data/6/entries/5/entries/4/entries/5/name,Red Wizards,紅袍巫師,project-proposed
HotDQ,/data/6/entries/5/entries/4/entries/6/name,Voaraghamanthar,沃拉加曼薩爾,project-proposed
HotDQ,/data/6/entries/6/name,Squaring Off Against the Cult of the Dragon,與龍巫教對峙,project-proposed
HotDQ,/data/6/entries/7/name,Approaching Castle Naerytar,接近納里塔城堡,project-proposed
HotDQ,/data/6/entries/8/name,Outside Castle Naerytar,在納里塔城堡之外,project-proposed
HotDQ,/data/6/entries/8/entries/3/name,1. Landing,1. 登陸,project-proposed
HotDQ,/data/6/entries/8/entries/4/name,2. Animal Stockade,2. 動物圍欄,project-proposed
HotDQ,/data/6/entries/8/entries/5/name,3. Longhouses,3. 長屋,project-proposed
HotDQ,/data/6/entries/8/entries/6/name,4. Huts,4. 茅屋,project-proposed
HotDQ,/data/6/entries/8/entries/7/name,5. Moat,5. 護城河,project-proposed
HotDQ,/data/6/entries/8/entries/8/name,6. Main Gate,6. 主門,project-proposed
HotDQ,/data/6/entries/9/name,Inside Castle Naerytar,在納里塔城堡內部,project-proposed
HotDQ,/data/6/entries/10/name,Ground Floor,底層,project-proposed
HotDQ,/data/6/entries/10/entries/0/name,1A. Barbican,1A. 甕城,project-proposed
HotDQ,/data/6/entries/10/entries/1/name,1B. Causeway,1B. 堤道,project-proposed
HotDQ,/data/6/entries/10/entries/2/name,1C. Outer Ward,1C. 外院,project-proposed
HotDQ,/data/6/entries/10/entries/3/name,1D. Inner Ward,1D. 內院,project-proposed
HotDQ,/data/6/entries/10/entries/4/name,1E. Northwest Tower,1E. 西北塔樓,project-proposed
HotDQ,/data/6/entries/10/entries/5/name,1F. Stables,1F. 馬廄,project-proposed
HotDQ,/data/6/entries/10/entries/6/name,1G. Lower Barracks,1G. 下層兵營,project-proposed
HotDQ,/data/6/entries/10/entries/7/name,1H. Forge and Armory,1H. 鍛造廠和軍械庫,project-proposed
HotDQ,/data/6/entries/10/entries/8/name,1I. Lizardfolk Ready Room,1I. 蜥蜴人準備室,project-proposed
HotDQ,/data/6/entries/10/entries/9/name,1J. Lizardfolk Sleeping Room,1J. 蜥蜴人臥室,project-proposed
HotDQ,/data/6/entries/10/entries/10/name,1K. Lizardfolk Sleeping Room,1K. 蜥蜴人臥室,project-proposed
HotDQ,/data/6/entries/10/entries/11/name,1L. Chapel,1L. 禮拜堂,project-proposed
HotDQ,/data/6/entries/10/entries/11/entries/1/name,Treasure,寶藏,existing-site
HotDQ,/data/6/entries/10/entries/12/name,1M. Storeroom,1M. 儲藏室,project-proposed
HotDQ,/data/6/entries/10/entries/13/name,1N. Rectory,1N. 教區長住宅,project-proposed
HotDQ,/data/6/entries/10/entries/14/name,1O. Archer's Gallery,1O. 弓箭手走廊,project-proposed
HotDQ,/data/6/entries/10/entries/15/name,1P. Kitchen,1P. 廚房,project-proposed
HotDQ,/data/6/entries/10/entries/16/name,1Q. Great Hall,1Q. 大廳,project-proposed
HotDQ,/data/6/entries/10/entries/16/entries/4/name,Treasure,寶藏,existing-site
HotDQ,/data/6/entries/10/entries/17/name,1R. Southwest Tower Antechamber,1R. 西南塔前廳,project-proposed
HotDQ,/data/6/entries/10/entries/18/name,1S. Subterranean Entrance,1S. 地下入口,project-proposed
HotDQ,/data/6/entries/10/entries/19/name,1T. Unused Chamber,1T. 未使用的房間,project-proposed
HotDQ,/data/6/entries/10/entries/20/name,1U. Keep Entrance,1U. 城堡入口,project-proposed
HotDQ,/data/6/entries/10/entries/21/name,1V. West Guest Rooms,1V. 西側客房,project-proposed
HotDQ,/data/6/entries/11/name,Second Floor,第二層,project-proposed
HotDQ,/data/6/entries/11/entries/1/name,2A. Upper Barbican,2A. 上部甕城,project-proposed
HotDQ,/data/6/entries/11/entries/2/name,2E. Rotted Floor,2E. 腐爛的地板,project-proposed
HotDQ,/data/6/entries/11/entries/2/entries/3/name,Treasure,寶藏,existing-site
HotDQ,/data/6/entries/11/entries/3/name,2F. Stables Loft,2F. 馬廄閣樓,project-proposed
HotDQ,/data/6/entries/11/entries/4/name,2G. Upper Barracks,2G. 上層兵營,project-proposed
HotDQ,/data/6/entries/11/entries/4/entries/2/name,Treasure,寶藏,existing-site
HotDQ,/data/6/entries/11/entries/5/name,2H. Arsenal,2H. 武器庫,project-proposed
HotDQ,/data/6/entries/11/entries/6/name,"2I, J, K. Vacant Rooms","2I, J, K. 空置房間",project-proposed
HotDQ,/data/6/entries/11/entries/7/name,2L. Outer Library,2L. 外圖書館,project-proposed
HotDQ,/data/6/entries/11/entries/8/name,2M. Reading Room,2M. 閱覽室,project-proposed
HotDQ,/data/6/entries/11/entries/9/name,2N. Library,2N. 圖書館,project-proposed
HotDQ,/data/6/entries/11/entries/10/name,2P. Kitchen Storage,2P. 廚房儲藏室,project-proposed
HotDQ,/data/6/entries/11/entries/11/name,2R. Cultists' Sleeping Chamber,2R. 邪教徒的寢室,project-proposed
HotDQ,/data/6/entries/11/entries/12/name,2T. Cultists' Sleeping Chamber,2T. 邪教徒的臥室,project-proposed
HotDQ,/data/6/entries/11/entries/13/name,2U. Dralmorrer Borngray's Common Room,2U. 德拉莫瑞·灰生的公共休息室,project-proposed
HotDQ,/data/6/entries/11/entries/14/name,"2V, W. Borngray's Sleeping and Dressing Rooms","2V, W. 灰生的臥室和更衣室",project-proposed
HotDQ,/data/6/entries/11/entries/14/entries/1/name,Treasure,寶藏,existing-site
HotDQ,/data/6/entries/12/name,Third Floor,第三層,project-proposed
HotDQ,/data/6/entries/12/entries/2/name,3E. Specters' Sanctum,3E. 幽靈聖所,project-proposed
HotDQ,/data/6/entries/12/entries/2/entries/2/name,Treasure,寶藏,existing-site
HotDQ,/data/6/entries/12/entries/3/name,3G. Unused Chamber,3G. 未使用的房間,project-proposed
HotDQ,/data/6/entries/12/entries/4/name,"3H, I, J. Spiders' Lair","3H, I, J. 蜘蛛巢穴",project-proposed
HotDQ,/data/6/entries/12/entries/5/name,3L. Rezmir's Office,3L. 瑞茲米爾的辦公室,project-proposed
HotDQ,/data/6/entries/12/entries/5/entries/3/name,Treasure,寶藏,existing-site
HotDQ,/data/6/entries/12/entries/6/name,3M. Rezmir's Sitting Room,3M. 瑞茲米爾的起居室,project-proposed
HotDQ,/data/6/entries/12/entries/7/name,3N. Rezmir's Sleeping Chamber,3N. 瑞茲米爾的臥室,project-proposed
HotDQ,/data/6/entries/12/entries/7/entries/2/name,Treasure,寶藏,existing-site
HotDQ,/data/6/entries/12/entries/8/name,3O. Rezmir's Sanctuary,3O. 瑞茲米爾的聖所,project-proposed
HotDQ,/data/6/entries/12/entries/9/name,3P. Kitchen Storage,3P. 廚房儲藏室,project-proposed
HotDQ,/data/6/entries/12/entries/10/name,3R. Cultists' Sleeping Chamber,3R. 邪教徒的臥室,project-proposed
HotDQ,/data/6/entries/12/entries/11/name,3S. Unused Room,3S. 未使用的房間,project-proposed
HotDQ,/data/6/entries/12/entries/12/name,3T. Cultists' Study,3T. 邪教徒的書房,project-proposed
HotDQ,/data/6/entries/12/entries/13/name,3U. Observatory,3U. 觀星臺,project-proposed
HotDQ,/data/6/entries/13/name,Beneath the Castle,城堡之下,project-proposed
HotDQ,/data/6/entries/13/entries/1/name,General Features of the Cave,洞穴的一般特徵,project-proposed
HotDQ,/data/6/entries/13/entries/1/entries/1/entries/0/name,Ceilings,天花板,project-proposed
HotDQ,/data/6/entries/13/entries/1/entries/1/entries/1/name,Light,光線,existing-site
HotDQ,/data/6/entries/13/entries/1/entries/1/entries/2/name,Sound,聲音,existing-site
HotDQ,/data/6/entries/13/entries/2/name,1. Entry Cavern,1. 入口洞穴,project-proposed
HotDQ,/data/6/entries/13/entries/3/name,2. Gray Ooze Lair,2. 灰色軟泥怪巢穴,project-proposed
HotDQ,/data/6/entries/13/entries/3/entries/1/name,Treasure,寶藏,existing-site
HotDQ,/data/6/entries/13/entries/4/name,3. Mud Room,3. 泥濘房間,project-proposed
HotDQ,/data/6/entries/13/entries/5/name,4. Centipede Lair,4. 蜈蚣巢穴,project-proposed
HotDQ,/data/6/entries/13/entries/6/name,5. Empty Chamber,5. 空室,project-proposed
HotDQ,/data/6/entries/13/entries/7/name,6. Frog Lake,6. 青蛙湖,project-proposed
HotDQ,/data/6/entries/13/entries/8/name,7. Frog Landing,7. 青蛙登陸點,project-proposed
HotDQ,/data/6/entries/13/entries/9/name,8. Tadpole Hatchery,8. 蝌蚪孵化場,project-proposed
HotDQ,/data/6/entries/13/entries/10/name,9. Crane,9. 起重機,project-proposed
HotDQ,/data/6/entries/13/entries/11/name,10. Misty Room,10. 霧氣房間,project-proposed
HotDQ,/data/6/entries/13/entries/12/name,11. Frog Shrine,11. 青蛙神殿,project-proposed
HotDQ,/data/6/entries/13/entries/13/name,12. Pharblex's Sanctum,12. 法佈列斯的聖所,project-proposed
HotDQ,/data/6/entries/13/entries/14/name,13. To the Graypeak Mountains,13. 前往灰峰山脈,project-proposed
HotDQ,/data/6/entries/14/name,Rewards,獎勵,project-proposed
HotDQ,/data/7/name,Chapter 7: Hunting Lodge,第7章：狩獵小屋,project-proposed
HotDQ,/data/7/entries/5/name,General Features,通用特徵,project-proposed
HotDQ,/data/7/entries/5/entries/1/entries/0/entries/0/name,Ceilings,天花板,project-proposed
HotDQ,/data/7/entries/5/entries/1/entries/0/entries/1/name,Light,光線,existing-site
HotDQ,/data/7/entries/6/name,Important Nonplayer Characters,重要非玩家角色,project-proposed
HotDQ,/data/7/entries/6/entries/1/name,Talis,塔利斯,project-proposed
HotDQ,/data/7/entries/6/entries/2/name,Rezmir,瑞茲米爾,existing-site
HotDQ,/data/7/entries/6/entries/3/name,Trepsin the Troll,特雷普辛 巨魔,project-proposed
HotDQ,/data/7/entries/6/entries/3/entries/1/name,Cult Signs and Signals,邪教的標誌和訊號,project-proposed
HotDQ,/data/7/entries/7/name,Through the Gate,穿過大門,project-proposed
HotDQ,/data/7/entries/8/name,Outside the Lodge,小屋外,project-proposed
HotDQ,/data/7/entries/8/entries/4/name,Outdoor Patrol,戶外巡邏,project-proposed
HotDQ,/data/7/entries/8/entries/5/name,Troll Pursuit,巨魔追擊,project-proposed
HotDQ,/data/7/entries/8/entries/6/name,1. Portal Stones,1. 傳送石,project-proposed
HotDQ,/data/7/entries/8/entries/7/name,2. Hunting Kennel,2. 狩獵犬舍,project-proposed
HotDQ,/data/7/entries/8/entries/7/entries/10/name,Four-Armed Troll,四臂巨魔,existing-site
HotDQ,/data/7/entries/8/entries/7/entries/10/entries/1/name,Multiattack,多重攻擊,existing-site
HotDQ,/data/7/entries/8/entries/7/entries/11/name,Treasure,寶藏,existing-site
HotDQ,/data/7/entries/8/entries/8/name,3. Stables and Well,3. 馬廄和井,project-proposed
HotDQ,/data/7/entries/9/name,Lodge Ground Floor,小屋底層,project-proposed
HotDQ,/data/7/entries/9/entries/3/name,4. Cloak Room and Guard Post,4. 斗篷室和警衛站,project-proposed
HotDQ,/data/7/entries/9/entries/4/name,5. Small Hall,5. 小廳,project-proposed
HotDQ,/data/7/entries/9/entries/4/entries/2/name,Treasure,寶藏,existing-site
HotDQ,/data/7/entries/9/entries/5/name,6. Three Hounds Parlor,6. 三頭獵犬休息室,project-proposed
HotDQ,/data/7/entries/9/entries/5/entries/4/name,Treasure,寶藏,existing-site
HotDQ,/data/7/entries/9/entries/6/name,7. Kitchen,7. 廚房,project-proposed
HotDQ,/data/7/entries/9/entries/7/name,8. Pantry,8. 食品儲藏室,project-proposed
HotDQ,/data/7/entries/9/entries/7/entries/2/name,Treasure,寶藏,existing-site
HotDQ,/data/7/entries/9/entries/8/name,9. Basement,9. 地下室,project-proposed
HotDQ,/data/7/entries/9/entries/8/entries/2/name,Craggnor the Dwarf,克拉格諾爾是一位矮人。,project-proposed
HotDQ,/data/7/entries/9/entries/8/entries/3/name,Miresella,米瑞瑟拉,project-proposed
HotDQ,/data/7/entries/9/entries/8/entries/4/name,Brother Caemon,凱蒙修士,project-proposed
HotDQ,/data/7/entries/9/entries/9/name,10. Guest Chamber,10. 客房,project-proposed
HotDQ,/data/7/entries/9/entries/10/name,11. White Stag Parlor,11. 白色鹿角廳,project-proposed
HotDQ,/data/7/entries/9/entries/10/entries/2/name,Treasure,寶藏,existing-site
HotDQ,/data/7/entries/9/entries/11/name,12. Kobold Servants,12. 狗頭人僕人,project-proposed
HotDQ,/data/7/entries/9/entries/12/name,13. Human Servants,13. 人類僕人,project-proposed
HotDQ,/data/7/entries/9/entries/13/name,14. Bath,14. 浴室,project-proposed
HotDQ,/data/7/entries/9/entries/14/name,15. Linens,15. 床單,project-proposed
HotDQ,/data/7/entries/10/name,Lodge Upper Floor,小屋上層,project-proposed
HotDQ,/data/7/entries/10/entries/2/name,16. Talis's Hall,16. 塔利斯大廳,project-proposed
HotDQ,/data/7/entries/10/entries/2/entries/4/name,Negotiating with Talis,與塔利斯談判,project-proposed
HotDQ,/data/7/entries/10/entries/2/entries/4/entries/2/name,What Talis Wants,塔利斯想要什麼,project-proposed
HotDQ,/data/7/entries/10/entries/2/entries/4/entries/3/name,What Talis Offers,塔利斯 提供的,project-proposed
HotDQ,/data/7/entries/10/entries/2/entries/4/entries/4/name,Accepting the Deal,接受交易,project-proposed
HotDQ,/data/7/entries/10/entries/2/entries/4/entries/5/name,Rejecting the Deal,拒絕交易,project-proposed
HotDQ,/data/7/entries/10/entries/2/entries/5/name,Talis Surrenders,塔利斯 投降,project-proposed
HotDQ,/data/7/entries/10/entries/3/name,17. Armory,17. 軍械庫,project-proposed
HotDQ,/data/7/entries/10/entries/3/entries/2/name,Treasure,寶藏,existing-site
HotDQ,/data/7/entries/10/entries/4/name,18. Talis's Bedchamber,18. 塔利斯的臥室,project-proposed
HotDQ,/data/7/entries/10/entries/4/entries/1/name,Treasure,寶藏,existing-site
HotDQ,/data/7/entries/10/entries/5/name,19. Bodyguards' Chamber,19. 保鏢室,project-proposed
HotDQ,/data/7/entries/10/entries/5/entries/2/name,Treasure,寶藏,existing-site
HotDQ,/data/7/entries/10/entries/6/name,20. Queen of Dragons Chamber,20. 龍後之室,project-proposed
HotDQ,/data/7/entries/10/entries/6/entries/2/name,Tapestries,掛毯,project-proposed
HotDQ,/data/7/entries/10/entries/6/entries/3/name,Secret Door,暗門,project-proposed
HotDQ,/data/7/entries/10/entries/7/name,21. Trophy Room,21. 戰利品室,project-proposed
HotDQ,/data/7/entries/10/entries/7/entries/2/name,Secret Door,暗門,project-proposed
HotDQ,/data/7/entries/10/entries/8/name,22. Peryton Roost,22. 鹿鷹棲息地,project-proposed
HotDQ,/data/7/entries/10/entries/8/entries/3/name,Combat on the Rooftop,屋頂戰鬥,project-proposed
HotDQ,/data/7/entries/10/entries/8/entries/4/name,Treasure,寶藏,existing-site
HotDQ,/data/7/entries/11/name,Traveling to Parnast,前往帕納斯特,project-proposed
HotDQ,/data/7/entries/11/entries/1/entries/0/name,Walking to Parnast,步行前往帕納斯特,project-proposed
HotDQ,/data/7/entries/11/entries/1/entries/1/name,Missing the Castle,想念城堡,project-proposed
HotDQ,/data/8/name,Chapter 8: Castle in the Clouds,第8章：雲中城堡,project-proposed
HotDQ,/data/8/entries/5/name,Parnast,帕納斯特,project-proposed
HotDQ,/data/8/entries/5/entries/1/name,1. Village of Parnast,1. 帕納斯特村莊,project-proposed
HotDQ,/data/8/entries/5/entries/1/entries/4/name,The Helpful Wheelwright,樂於助人的車輪匠,project-proposed
HotDQ,/data/8/entries/5/entries/2/name,Rumors and Information,謠言與資訊,project-proposed
HotDQ,/data/8/entries/5/entries/3/name,2. The Golden Tankard,2. 金酒杯,project-proposed
HotDQ,/data/8/entries/5/entries/3/entries/9/name,Treasure,寶藏,existing-site
HotDQ,/data/8/entries/5/entries/4/name,3. The Stable,3. 馬廄,project-proposed
HotDQ,/data/8/entries/5/entries/4/entries/3/name,Wyvern Riding and Castle Catching,騎乘飛龍和捕獲城堡,project-proposed
HotDQ,/data/8/entries/5/entries/4/entries/4/name,Developments,發展,project-proposed
HotDQ,/data/8/entries/5/entries/5/name,4. Shrine of Axes,4. 斧頭神殿,project-proposed
HotDQ,/data/8/entries/5/entries/6/name,5. Village Well and Square,5. 村莊井和廣場,project-proposed
HotDQ,/data/8/entries/5/entries/6/entries/3/name,Timing the Departure,安排出發時間,project-proposed
HotDQ,/data/8/entries/5/entries/6/entries/3/entries/1/name,Storming the Castle Immediately,立即攻佔城堡,project-proposed
HotDQ,/data/8/entries/5/entries/6/entries/3/entries/2/name,Dawdling and Resting,閒逛和休息,project-proposed
HotDQ,/data/8/entries/5/entries/6/entries/3/entries/3/name,Last Recourse,最後的手段,project-proposed
HotDQ,/data/8/entries/6/name,Skyreach Castle,天穹城堡,project-proposed
HotDQ,/data/8/entries/6/entries/3/name,General Features,通用特徵,project-proposed
HotDQ,/data/8/entries/6/entries/3/entries/1/entries/0/name,Ceilings,天花板,project-proposed
HotDQ,/data/8/entries/6/entries/3/entries/1/entries/1/name,Doors,門,existing-site
HotDQ,/data/8/entries/6/entries/4/name,Important Nonplayer Characters,重要非玩家角色,project-proposed
HotDQ,/data/8/entries/6/entries/4/entries/2/name,Negotiating with the Cloud Giant,與雲巨人協商,project-proposed
HotDQ,/data/8/entries/7/name,Areas of the Castle (6-15),城堡區域 (6-15),project-proposed
HotDQ,/data/8/entries/7/entries/0/name,6. Main Gate,6. 主門,project-proposed
HotDQ,/data/8/entries/7/entries/0/entries/3/name,Walls and Aerial Defenses,城牆和空中防禦,project-proposed
HotDQ,/data/8/entries/7/entries/0/entries/3/entries/1/name,By Day,白天,project-proposed
HotDQ,/data/8/entries/7/entries/0/entries/3/entries/2/name,At Night,夜晚,project-proposed
HotDQ,/data/8/entries/7/entries/0/entries/4/name,6A. Gateway and Golems,6A. 門戶與魔像,project-proposed
HotDQ,/data/8/entries/7/entries/0/entries/5/name,6B. Gate Towers,6B. 城門塔,project-proposed
HotDQ,/data/8/entries/7/entries/0/entries/6/name,Tower Rooftops,塔樓屋頂,project-proposed
HotDQ,/data/8/entries/7/entries/0/entries/6/entries/1/name,Javelin,標槍,existing-site
HotDQ,/data/8/entries/7/entries/0/entries/7/name,Tower Interiors,塔樓內部,project-proposed
HotDQ,/data/8/entries/7/entries/1/name,7. Lower Courtyard,7. 下層庭院,project-proposed
HotDQ,/data/8/entries/7/entries/1/entries/5/name,Spiral Staircase,螺旋樓梯,project-proposed
HotDQ,/data/8/entries/7/entries/2/name,8. Stables,8. 馬廄,project-proposed
HotDQ,/data/8/entries/7/entries/2/entries/3/name,Treasure,寶藏,existing-site
HotDQ,/data/8/entries/7/entries/3/name,9. Cultist Barracks,9. 邪教徒兵營,project-proposed
HotDQ,/data/8/entries/7/entries/4/name,10. Stone Giants' Chamber,10. 石巨人的房間,project-proposed
HotDQ,/data/8/entries/7/entries/4/entries/8/name,Treasure,寶藏,existing-site
HotDQ,/data/8/entries/7/entries/4/entries/9/name,Developments,發展,project-proposed
HotDQ,/data/8/entries/7/entries/5/name,11. Rezmir's Chamber,11. 瑞茲米爾的房間,project-proposed
HotDQ,/data/8/entries/7/entries/5/entries/6/name,Treasure,寶藏,existing-site
HotDQ,/data/8/entries/7/entries/5/entries/7/name,Developments,發展,project-proposed
HotDQ,/data/8/entries/7/entries/6/name,12. Red Wizards' Room,12. 紅法師的房間,project-proposed
HotDQ,/data/8/entries/7/entries/6/entries/8/name,Vanishing Wall of Ice,消失的冰牆,project-proposed
HotDQ,/data/8/entries/7/entries/6/entries/9/name,Developments,發展,project-proposed
HotDQ,/data/8/entries/7/entries/6/entries/10/name,Treasure,寶藏,existing-site
HotDQ,/data/8/entries/7/entries/7/name,13. Storeroom,13. 儲藏室,project-proposed
HotDQ,/data/8/entries/7/entries/8/name,14. Guest Chamber,14. 客房,project-proposed
HotDQ,/data/8/entries/7/entries/9/name,15. Kitchen,15. 廚房,project-proposed
HotDQ,/data/8/entries/7/entries/9/entries/3/name,Treasure,寶藏,existing-site
HotDQ,/data/8/entries/8/name,Areas of the Castle (16-25),城堡區域 (16-25),project-proposed
HotDQ,/data/8/entries/8/entries/0/name,16. Upper Courtyard,16. 上層庭院,project-proposed
HotDQ,/data/8/entries/8/entries/0/entries/3/name,Developments,發展,project-proposed
HotDQ,/data/8/entries/8/entries/1/name,17. High Blue Tower,17. 高藍塔,project-proposed
HotDQ,/data/8/entries/8/entries/1/entries/3/name,Developments,發展,project-proposed
HotDQ,/data/8/entries/8/entries/2/name,18. Crumbling Tower,18. 坍塌的塔樓,project-proposed
HotDQ,/data/8/entries/8/entries/2/entries/7/name,Balcony,陽臺,project-proposed
HotDQ,/data/8/entries/8/entries/2/entries/8/name,Sandesyl's Crypt,桑德西爾的墓穴,project-proposed
HotDQ,/data/8/entries/8/entries/3/name,19. Steering Tower,19. 舵手塔,project-proposed
HotDQ,/data/8/entries/8/entries/3/entries/3/name,Command Runes,指揮符文,project-proposed
HotDQ,/data/8/entries/8/entries/3/entries/3/entries/1/entries/0/name,Alarm,警報術,existing-site
HotDQ,/data/8/entries/8/entries/3/entries/3/entries/1/entries/1/name,All-Clear,一切正常,project-proposed
HotDQ,/data/8/entries/8/entries/3/entries/3/entries/1/entries/2/name,Anchor,錨,existing-site
HotDQ,/data/8/entries/8/entries/3/entries/3/entries/1/entries/3/name,Calm,無風,project-proposed
HotDQ,/data/8/entries/8/entries/3/entries/3/entries/1/entries/4/name,Cast Off,拋錨,project-proposed
HotDQ,/data/8/entries/8/entries/3/entries/3/entries/1/entries/5/name,Drift,飄移,project-proposed
HotDQ,/data/8/entries/8/entries/3/entries/3/entries/1/entries/6/name,Home,家,project-proposed
HotDQ,/data/8/entries/8/entries/3/entries/3/entries/1/entries/7/name,"North, South, East, and West",北，南，東，西,project-proposed
HotDQ,/data/8/entries/8/entries/3/entries/3/entries/1/entries/8/name,Rise,上升,project-proposed
HotDQ,/data/8/entries/8/entries/3/entries/3/entries/1/entries/9/name,Sink,下沉,project-proposed
HotDQ,/data/8/entries/8/entries/3/entries/3/entries/1/entries/10/name,Spin,旋轉,project-proposed
HotDQ,/data/8/entries/8/entries/3/entries/3/entries/1/entries/11/name,Storm,風暴,existing-site
HotDQ,/data/8/entries/8/entries/3/entries/3/entries/1/entries/12/name,Unveil,揭示,project-proposed
HotDQ,/data/8/entries/8/entries/3/entries/3/entries/1/entries/13/name,Veil,面紗,project-proposed
HotDQ,/data/8/entries/8/entries/3/entries/3/entries/1/entries/14/name,Widdershins,逆時針,project-proposed
HotDQ,/data/8/entries/8/entries/3/entries/4/name,Esclarotta,埃斯克拉羅塔,project-proposed
HotDQ,/data/8/entries/8/entries/3/entries/5/name,Treasure,寶藏,existing-site
HotDQ,/data/8/entries/8/entries/3/entries/6/name,Developments,發展,project-proposed
HotDQ,/data/8/entries/8/entries/3/entries/6/entries/1/name,Crashed by Blagothkus,被布拉戈特庫斯墜毀,project-proposed
HotDQ,/data/8/entries/8/entries/3/entries/6/entries/2/name,Characters Seize the Castle,角色奪取城堡,project-proposed
HotDQ,/data/8/entries/8/entries/4/name,20. Ogre Barracks,20. 食人魔營房,project-proposed
HotDQ,/data/8/entries/8/entries/4/entries/3/name,Treasure,寶藏,existing-site
HotDQ,/data/8/entries/8/entries/4/entries/4/name,Developments,發展,project-proposed
HotDQ,/data/8/entries/8/entries/5/name,21. Esclarotta's Tomb,21. 埃斯克拉羅塔的墓穴,project-proposed
HotDQ,/data/8/entries/8/entries/6/name,22. Cloud Giant Tower,22. 雲巨人塔,project-proposed
HotDQ,/data/8/entries/8/entries/6/entries/2/name,Tower Rooftop,塔樓屋頂,project-proposed
HotDQ,/data/8/entries/8/entries/6/entries/3/name,Ground Floor,底層,project-proposed
HotDQ,/data/8/entries/8/entries/6/entries/4/name,Upper Floor,上層,project-proposed
HotDQ,/data/8/entries/8/entries/6/entries/5/name,Treasure,寶藏,existing-site
HotDQ,/data/8/entries/8/entries/6/entries/6/name,Developments,發展,project-proposed
HotDQ,/data/8/entries/8/entries/7/name,23. Giant Guest Chambers,23. 巨人客房,project-proposed
HotDQ,/data/8/entries/8/entries/8/name,24. Servant Barracks,24. 僕人營房,project-proposed
HotDQ,/data/8/entries/8/entries/9/name,25. Main Vault,25. 主金庫,project-proposed
HotDQ,/data/8/entries/8/entries/9/entries/10/name,Treasure,寶藏,existing-site
HotDQ,/data/8/entries/8/entries/9/entries/11/name,Developments,發展,project-proposed
HotDQ,/data/8/entries/9/name,Concluding the Adventure,結束冒險,project-proposed
HotDQ,/data/9/name,Appendix A: Backgrounds,附錄A：背景,project-proposed
HotDQ,/data/9/entries/1/name,Background Template,背景模板,project-proposed
HotDQ,/data/9/entries/1/entries/1/name,The Story Thus Far...,到目前為止的故事...,project-proposed
HotDQ,/data/9/entries/1/entries/1/entries/1/name,Campaign Bonds,戰役牽絆,project-proposed
HotDQ,/data/9/entries/2/name,Optional Features,可選特性,project-proposed
HotDQ,/data/10/name,Appendix B: Council Scorecard,附錄B：議會評分卡,project-proposed
HotDQ,/data/10/entries/3/name,First Council (Hoard of the Dragon Queen),第一次議會（龍後的寶山）,project-proposed
HotDQ,/data/10/entries/4/name,Second Council,第二次會議,project-proposed
HotDQ,/data/10/entries/5/name,Third Council,第三議會,project-proposed
HotDQ,/data/10/entries/6/name,Fourth Council,第四議會,project-proposed
HotDQ,/data/10/entries/7/name,Final Tally,最終統計,project-proposed
HotDQ,/data/11/name,Appendix C: Magic Items,附錄C：魔法物品,project-proposed
HotDQ,/data/12/name,Appendix D: Monsters,附錄D：怪物,project-proposed
HotDQ,/data/13/name,Appendix E: Concept Gallery,附錄E：概念相簿,project-proposed
HotDQ,/data/13/entries/6/name,Invasion of Icewind Dale,冰風谷的入侵,project-proposed
HotDQ,/data/13/entries/7/name,Attack on Luskan,對路斯坎的攻擊,project-proposed
HotDQ,/data/13/entries/8/name,Siege of Neverwinter,無冬城的圍城,project-proposed
HotDQ,/data/13/entries/9/name,Assassination in Waterdeep,深水城的暗殺,project-proposed
HotDQ,/data/13/entries/10/name,Battle at Tiamat's Temple,提亞馬特神廟之戰,project-proposed
HotDQ,/data/13/entries/11/name,Coup at Dragonspear Castle,龍矛城堡政變,project-proposed
HotDQ,/data/13/entries/12/name,Factions,派系,project-proposed
HotDQ,/data/13/entries/12/entries/0/name,Red Wizards of Thay,賽爾紅袍法師,project-proposed
HotDQ,/data/13/entries/12/entries/0/entries/1/name,Red Wizards,紅袍巫師,project-proposed
HotDQ,/data/13/entries/12/entries/1/name,The Black Network,黑網,project-proposed
HotDQ,/data/13/entries/12/entries/2/name,Dread Warriors,恐懼戰士,project-proposed
HotDQ,/data/13/entries/13/name,Cult of the Dragon,龍巫教,project-proposed
HotDQ,/data/13/entries/13/entries/0/name,Dragon Masks,龍面具,project-proposed
HotDQ,/data/13/entries/13/entries/1/name,Cult of the Dragon - Cultist Stronghold,龍巫教 - 邪教徒要塞,project-proposed
HotDQ,/data/13/entries/13/entries/2/name,Dragon Cultists,龍巫教徒,project-proposed
HotDQ,/data/13/entries/14/name,Areas of Faerûn,費倫區域,project-proposed
HotDQ,/data/13/entries/14/entries/0/name,Temple of Tiamat,提亞馬特神廟,project-proposed
HotDQ,/data/13/entries/14/entries/1/name,Icewind Dale,冰風谷,project-proposed
HotDQ,/data/13/entries/14/entries/2/name,Waterdeep,深水城,project-proposed
HotDQ,/data/13/entries/14/entries/3/name,People of the Sword Coast,劍海岸的人民,project-proposed
HotDQ,/data/13/entries/15/name,Dragons,龍,existing-site
HotDQ,/data/13/entries/15/entries/0/name,Red Dragons,紅龍,existing-site
HotDQ,/data/13/entries/15/entries/1/name,Blue Dragons,藍龍,existing-site
HotDQ,/data/13/entries/15/entries/2/name,Green Dragons,綠龍,existing-site
HotDQ,/data/13/entries/15/entries/3/name,Black Dragons,黑龍,existing-site
HotDQ,/data/13/entries/15/entries/4/name,White Dragons,白龍,existing-site
HotDQ,/data/14/name,Credits,製作組,project-proposed
HotDQ,/data/14/entries/0/entries/0/name,Kobold Press,Kobold Press,project-proposed
HotDQ,/data/14/entries/0/entries/0/entries/0/items/0/name,Designers,設計師,project-proposed
HotDQ,/data/14/entries/0/entries/0/entries/0/items/1/name,Developer,開發者,project-proposed
HotDQ,/data/14/entries/0/entries/0/entries/0/items/2/name,Editors,編輯,project-proposed
HotDQ,/data/14/entries/0/entries/0/entries/0/items/3/name,Interior Illustrators,內頁插畫師,project-proposed
HotDQ,/data/14/entries/0/entries/0/entries/0/items/4/name,Cartographer,製圖師,existing-site
HotDQ,/data/14/entries/0/entries/0/entries/0/items/5/name,Art Director,美術指導,project-proposed
HotDQ,/data/14/entries/0/entries/0/entries/0/items/6/name,Producer,出品人,project-proposed
HotDQ,/data/14/entries/0/entries/1/name,Wizards of the Coast,威世智,project-proposed
HotDQ,/data/14/entries/0/entries/1/entries/0/items/0/name,D&D Lead Designers,D&D首席設計師,project-proposed
HotDQ,/data/14/entries/0/entries/1/entries/0/items/1/name,Designers,設計師,project-proposed
HotDQ,/data/14/entries/0/entries/1/entries/0/items/2/name,Editor,編輯,project-proposed
HotDQ,/data/14/entries/0/entries/1/entries/0/items/3/name,Adventure Contributors,冒險貢獻者,project-proposed
HotDQ,/data/14/entries/0/entries/1/entries/0/items/4/name,Art Directors,藝術指導,project-proposed
HotDQ,/data/14/entries/0/entries/1/entries/0/items/5/name,Graphic Designers,平面設計師,project-proposed
HotDQ,/data/14/entries/0/entries/1/entries/0/items/6/name,Cover Illustrator,封面插畫師,project-proposed
HotDQ,/data/14/entries/0/entries/1/entries/0/items/7/name,Concept Gallery Illustrators,概念畫廊插畫師,project-proposed
HotDQ,/data/14/entries/0/entries/1/entries/0/items/8/name,Producers,製作人,project-proposed
HotDQ,/data/14/entries/0/entries/1/entries/0/items/9/name,Project Management,專案管理,project-proposed
HotDQ,/data/14/entries/0/entries/1/entries/0/items/10/name,Production Services,製作服務,project-proposed
HotDQ,/data/14/entries/0/entries/1/entries/0/items/11/name,Other D&D Team Members,其他D&D團隊成員,project-proposed
HotDQ,/data/14/entries/0/entries/1/entries/0/items/12/name,Playtesters,測試玩家,project-proposed
RoT,/data/0/name,Campaign Overview,戰役概覽,project-proposed
RoT,/data/0/entries/2/entries/0/entries/0/name,Adventure Supplements,冒險補充,project-proposed
RoT,/data/0/entries/3/name,Hoard of the Dragon Queen,龍後的寶山,project-proposed
RoT,/data/0/entries/3/entries/1/entries/0/entries/0/name,Character Advancement,角色升級,existing-site
RoT,/data/0/entries/3/entries/2/name,Background,背景,project-proposed
RoT,/data/0/entries/3/entries/2/entries/1/name,Dragon Masks,龍面具,project-proposed
RoT,/data/0/entries/3/entries/2/entries/2/name,Secrets,秘密,project-proposed
RoT,/data/0/entries/3/entries/2/entries/3/name,Cult Organization,邪教組織,project-proposed
RoT,/data/0/entries/3/entries/3/name,Overview,概述,project-proposed
RoT,/data/0/entries/4/name,The Rise of Tiamat,提亞馬特的崛起,project-proposed
RoT,/data/0/entries/4/entries/1/entries/0/entries/0/name,Character Advancement,角色升級,existing-site
RoT,/data/0/entries/4/entries/2/name,Background,背景,project-proposed
RoT,/data/0/entries/4/entries/2/entries/3/name,Secrets,秘密,project-proposed
RoT,/data/0/entries/4/entries/2/entries/4/name,Allied Forces,聯盟力量,project-proposed
RoT,/data/0/entries/4/entries/3/name,Overview,概述,project-proposed
RoT,/data/0/entries/4/entries/4/name,Outline,大綱,project-proposed
RoT,/data/0/entries/4/entries/5/name,Stage 1,階段 1,project-proposed
RoT,/data/0/entries/4/entries/5/entries/0/name,First Council of Waterdeep,深水城第一議會,project-proposed
RoT,/data/0/entries/4/entries/5/entries/1/name,Varram the White,白龍語者瓦拉姆,project-proposed
RoT,/data/0/entries/4/entries/5/entries/2/name,The Sea of Moving Ice,移動冰海,project-proposed
RoT,/data/0/entries/4/entries/5/entries/3/name,The Cult Strikes Back (Part 1),邪教反擊（第一部分）,project-proposed
RoT,/data/0/entries/4/entries/6/name,Stage 2,階段 2,project-proposed
RoT,/data/0/entries/4/entries/6/entries/0/name,Second Council of Waterdeep,深水城第二議會,project-proposed
RoT,/data/0/entries/4/entries/6/entries/1/name,Neronvain,內洛維,existing-site
RoT,/data/0/entries/4/entries/6/entries/2/name,"Metallic Dragons, Arise",金屬龍，覺醒,project-proposed
RoT,/data/0/entries/4/entries/6/entries/3/name,The Cult Strikes Back (Part 2),邪教反擊（第二部分）,project-proposed
RoT,/data/0/entries/4/entries/7/name,Stage 3,階段 3,project-proposed
RoT,/data/0/entries/4/entries/7/entries/0/name,Third Council of Waterdeep,深水城第三議會,project-proposed
RoT,/data/0/entries/4/entries/7/entries/1/name,Xonthal's Tower,贊薩爾之塔,project-proposed
RoT,/data/0/entries/4/entries/7/entries/2/name,Mission to Thay,前往賽爾的使命,project-proposed
RoT,/data/0/entries/4/entries/7/entries/3/name,The Cult Strikes Back (Part 3),邪教反擊（第三部分）,project-proposed
RoT,/data/0/entries/4/entries/8/name,Stage 4,第四階段,project-proposed
RoT,/data/0/entries/4/entries/8/entries/0/name,Fourth Council of Waterdeep,深水城第四議會,project-proposed
RoT,/data/0/entries/4/entries/8/entries/1/name,Tiamat's Return,提亞馬特的歸來,project-proposed
RoT,/data/0/entries/4/entries/9/name,Advancement,提升,project-proposed
RoT,/data/0/entries/4/entries/10/name,Adventure Hooks,冒險引子,project-proposed
RoT,/data/0/entries/4/entries/10/entries/2/name,Recurring Villains,反覆出現的反派,project-proposed
RoT,/data/0/entries/4/entries/11/name,Additional Encounters,額外遭遇,project-proposed
RoT,/data/0/entries/4/entries/11/entries/1/name,Monstrous Uprising,怪物起義,project-proposed
RoT,/data/0/entries/4/entries/11/entries/2/name,Power of the Cult,邪教的力量,project-proposed
RoT,/data/0/entries/4/entries/11/entries/3/name,Devilish Demands,邪惡的要求,project-proposed
RoT,/data/0/entries/4/entries/11/entries/4/name,Captive Cultist,俘虜的邪教徒,project-proposed
RoT,/data/0/entries/4/entries/11/entries/5/name,Fallen Hero,墮落的英雄,project-proposed
RoT,/data/0/entries/4/entries/11/entries/6/name,Death at the Council,議會之死,project-proposed
RoT,/data/0/entries/5/name,Running the Adventure,運作冒險,project-proposed
RoT,/data/0/entries/7/name,Campaign Villains,戰役反派,project-proposed
RoT,/data/0/entries/7/entries/1/name,The Cult of the Dragon,龍巫教,project-proposed
RoT,/data/0/entries/7/entries/1/entries/3/name,Daily Operations,日常運作,project-proposed
RoT,/data/0/entries/7/entries/1/entries/4/name,Cult Structure,邪教結構,project-proposed
RoT,/data/0/entries/7/entries/1/entries/5/name,Wearers of Purple,紫衣者,project-proposed
RoT,/data/0/entries/7/entries/1/entries/6/name,The Inner Circle,內圈,project-proposed
RoT,/data/0/entries/7/entries/1/entries/7/name,Dissent in the Ranks,隊伍中的異議,project-proposed
RoT,/data/0/entries/7/entries/1/entries/8/name,Using the Cult of the Dragon,利用龍巫教,project-proposed
RoT,/data/0/entries/7/entries/2/name,Red Wizards of Thay,賽爾紅袍法師,project-proposed
RoT,/data/0/entries/7/entries/2/entries/2/name,Rath Modar's Ambition,拉斯·莫達的野心,project-proposed
RoT,/data/0/entries/7/entries/2/entries/3/name,Using the Red Wizards,利用紅法師,project-proposed
RoT,/data/0/entries/7/entries/3/name,Hosts of the Nine Hells,九層地獄的主人,project-proposed
RoT,/data/0/entries/7/entries/3/entries/5/name,Using Devils,利用惡魔,project-proposed
RoT,/data/0/entries/7/entries/4/name,Chromatic Dragons,色彩龍,existing-site
RoT,/data/0/entries/7/entries/4/entries/2/name,Using Chromatic Dragons,使用色彩龍,project-proposed
RoT,/data/0/entries/7/entries/5/name,Giants,巨人,existing-site
RoT,/data/0/entries/7/entries/5/entries/2/name,Using Giants,利用巨人,project-proposed
RoT,/data/0/entries/8/name,Campaign Allies,戰役盟友,project-proposed
RoT,/data/0/entries/8/entries/2/name,The Harpers,豎琴手聯盟,existing-site
RoT,/data/0/entries/8/entries/2/entries/3/name,Using the Harpers,利用豎琴手聯盟,project-proposed
RoT,/data/0/entries/8/entries/2/entries/4/name,Remallia Haventree,蕾米莉亞·港樹,existing-site
RoT,/data/0/entries/8/entries/3/name,The Order of the Gauntlet,鐵手套教團,existing-site
RoT,/data/0/entries/8/entries/3/entries/4/name,Using the Order of the Gauntlet,運用鐵手套教團,project-proposed
RoT,/data/0/entries/8/entries/3/entries/5/name,Ontharr Frume,昂塔爾·弗魯姆,existing-site
RoT,/data/0/entries/8/entries/4/name,The Emerald Enclave,翠綠閒庭,existing-site
RoT,/data/0/entries/8/entries/4/entries/3/name,Using the Emerald Enclave,運用翠綠閒庭,project-proposed
RoT,/data/0/entries/8/entries/4/entries/4/name,Delaan Winterhound,德拉安·溫特霍德,project-proposed
RoT,/data/0/entries/8/entries/5/name,The Lords' Alliance,領主聯盟,existing-site
RoT,/data/0/entries/8/entries/5/entries/3/name,Using the Lords' Alliance,利用領主聯盟,project-proposed
RoT,/data/0/entries/8/entries/5/entries/4/name,On the Council,在議會上,project-proposed
RoT,/data/0/entries/8/entries/5/entries/5/name,Lady Laeral Silverhand,萊拉·銀手女士,project-proposed
RoT,/data/0/entries/8/entries/5/entries/6/name,Lord Dagult Neverember,達格魯特·無燼,project-proposed
RoT,/data/0/entries/8/entries/5/entries/7/name,Ambassador Connerad Brawnanvil,大使康納拉德·布朗安維爾,project-proposed
RoT,/data/0/entries/8/entries/5/entries/8/name,Marshall Ulder Ravengard,馬歇爾·烏爾德·鴉衛,project-proposed
RoT,/data/0/entries/8/entries/5/entries/9/name,King Melandrach,梅蘭德拉克國王,project-proposed
RoT,/data/0/entries/8/entries/5/entries/10/name,"Taern ""Thunderspells"" Hornblade",塔恩 '雷咒' 霍恩布萊德,project-proposed
RoT,/data/0/entries/8/entries/5/entries/11/name,Sir Isteval,伊斯提瓦爾爵士,project-proposed
RoT,/data/0/entries/8/entries/6/name,The Zhentarim,散塔林會,existing-site
RoT,/data/0/entries/8/entries/6/entries/9/name,Using the Zhentarim,利用散塔林會,project-proposed
RoT,/data/0/entries/8/entries/6/entries/10/name,Rian Nightshade,瑞安·夜影,project-proposed
RoT,/data/0/entries/8/entries/7/name,Metallic Dragons,金屬龍,existing-site
RoT,/data/0/entries/8/entries/7/entries/1/name,Using Metallic Dragons,使用金屬龍,project-proposed
RoT,/data/0/entries/8/entries/8/name,Giants,巨人,existing-site
RoT,/data/0/entries/8/entries/8/entries/1/name,Using Giants,利用巨人,project-proposed
RoT,/data/1/name,Chapter 9: Council of Waterdeep,第9章：深水城議會,project-proposed
RoT,/data/1/entries/2/name,Starting the Adventure,開始冒險,project-proposed
RoT,/data/1/entries/3/name,Back in Waterdeep,回到深水城,project-proposed
RoT,/data/1/entries/3/entries/2/name,Four Councils,四個議會,project-proposed
RoT,/data/1/entries/4/name,Gathering Allies,集結盟友,project-proposed
RoT,/data/1/entries/4/entries/2/name,Leading Delegates,首席代表,project-proposed
RoT,/data/1/entries/5/name,Sessions of the Council,議會的會議,project-proposed
RoT,/data/1/entries/5/entries/3/name,Death of a Masked Lord,"""戴面具領主之死""",project-proposed
RoT,/data/1/entries/5/entries/4/name,The Draakhorn Sounds,德拉霍恩響起,project-proposed
RoT,/data/1/entries/5/entries/5/name,First Session,第一次會議,project-proposed
RoT,/data/1/entries/5/entries/5/entries/4/name,Follow-up: Hoard of the Dragon Queen,後續：龍後的寶山,project-proposed
RoT,/data/1/entries/5/entries/5/entries/5/name,Setup: Varram the White,設定：白龍語者瓦拉姆,project-proposed
RoT,/data/1/entries/5/entries/5/entries/6/name,Setup: The Sea of Moving Ice,設定：移動冰海,project-proposed
RoT,/data/1/entries/5/entries/6/name,Second Session,第二次會議,project-proposed
RoT,/data/1/entries/5/entries/6/entries/2/name,Follow-up: Varram the White,後續：白龍語者瓦拉姆,project-proposed
RoT,/data/1/entries/5/entries/6/entries/3/name,Follow-up: The Sea of Moving Ice,後續：移動冰海,project-proposed
RoT,/data/1/entries/5/entries/6/entries/4/name,Setup: Neronvain,設定：內洛維,project-proposed
RoT,/data/1/entries/5/entries/6/entries/5/name,"Setup: Metallic Dragons, Arise",設定：金屬龍，覺醒,project-proposed
RoT,/data/1/entries/5/entries/7/name,Third Session,第三次會議,project-proposed
RoT,/data/1/entries/5/entries/7/entries/1/name,Follow-up: Neronvain,後續：內洛維,project-proposed
RoT,/data/1/entries/5/entries/7/entries/2/name,"Follow-up: Metallic Dragons, Arise",後續：金屬龍，覺醒,project-proposed
RoT,/data/1/entries/5/entries/7/entries/3/name,Setup: Xonthal's Tower,設定：贊薩爾的高塔,project-proposed
RoT,/data/1/entries/5/entries/7/entries/4/name,Setup: Mission to Thay,設定：前往賽爾的任務,project-proposed
RoT,/data/1/entries/5/entries/8/name,Fourth Session,第四次會議,project-proposed
RoT,/data/1/entries/5/entries/8/entries/1/name,Follow-up: Xonthal's Tower,後續：贊薩爾的高塔,project-proposed
RoT,/data/1/entries/5/entries/8/entries/2/name,Follow-up: Mission to Thay,後續行動：前往賽爾的任務,project-proposed
RoT,/data/1/entries/5/entries/8/entries/3/name,"Follow-up: Metallic Dragons, Arise",後續：金屬龍，覺醒,project-proposed
RoT,/data/1/entries/6/name,Scoring the Sessions,會議評分,project-proposed
RoT,/data/2/name,Chapter 10: The Sea of Moving Ice,第10章：移動冰海,project-proposed
RoT,/data/2/entries/2/name,Introduction,簡介,project-proposed
RoT,/data/2/entries/2/entries/0/name,The Draakhorn's Call,德拉霍恩的召喚,project-proposed
RoT,/data/2/entries/2/entries/1/name,"""Old White Death""","""古老白死神""",project-proposed
RoT,/data/2/entries/2/entries/2/name,Maccath the Crimson,緋紅的麥卡絲,existing-site
RoT,/data/2/entries/2/entries/3/name,Setting Sail,起航,project-proposed
RoT,/data/2/entries/3/name,The Sea of Moving Ice,移動冰海,project-proposed
RoT,/data/2/entries/3/entries/2/name,Ice Hunters,冰獵者,project-proposed
RoT,/data/2/entries/3/entries/3/name,Random Encounters,隨機遭遇,existing-site
RoT,/data/2/entries/3/entries/3/entries/1/name,Sea of Moving Ice Encounters,移動冰海遭遇,project-proposed
RoT,/data/2/entries/3/entries/3/entries/2/name,Giant Octopi,巨型章魚,project-proposed
RoT,/data/2/entries/3/entries/3/entries/3/name,Merrow,邁羅人魚,existing-site
RoT,/data/2/entries/3/entries/3/entries/4/name,Polar Bear,白熊,existing-site
RoT,/data/2/entries/3/entries/3/entries/5/name,Scrags,斯克瑞格,project-proposed
RoT,/data/2/entries/3/entries/3/entries/6/name,Ice Hunters,冰獵者,project-proposed
RoT,/data/2/entries/3/entries/3/entries/7/name,Ice Hunters in Fishing Boats,冰獵者在漁船上,project-proposed
RoT,/data/2/entries/3/entries/3/entries/8/name,Oyaviggaton Sighted,發現奧亞維加頓,project-proposed
RoT,/data/2/entries/4/name,Oyaviggaton,奧亞維加頓,project-proposed
RoT,/data/2/entries/4/entries/5/name,The Village,村莊,project-proposed
RoT,/data/2/entries/4/entries/5/entries/2/name,Layout,佈局,project-proposed
RoT,/data/2/entries/4/entries/5/entries/3/name,Villagers,村民,project-proposed
RoT,/data/2/entries/4/entries/5/entries/4/name,An Honorable Duel,一場榮譽決鬥,project-proposed
RoT,/data/2/entries/4/entries/5/entries/5/name,Ice Hunter Hospitality,冰獵者的好客,project-proposed
RoT,/data/2/entries/4/entries/5/entries/6/name,Convincing the Shaman,說服薩滿,project-proposed
RoT,/data/2/entries/5/name,Ice Caves,冰洞,project-proposed
RoT,/data/2/entries/5/entries/1/name,Ice Toads,冰蟾蜍,project-proposed
RoT,/data/2/entries/5/entries/2/name,General Features,通用特徵,project-proposed
RoT,/data/2/entries/5/entries/2/entries/1/entries/0/name,Ceilings and Walls,天花板和牆壁,project-proposed
RoT,/data/2/entries/5/entries/2/entries/1/entries/1/name,Floors,地板,project-proposed
RoT,/data/2/entries/5/entries/2/entries/1/entries/2/name,Light,光線,existing-site
RoT,/data/2/entries/5/entries/2/entries/1/entries/3/name,Temperature,氣溫,project-proposed
RoT,/data/2/entries/5/entries/2/entries/1/entries/4/name,Visibility,能見度,project-proposed
RoT,/data/2/entries/5/entries/3/name,Random Encounters,隨機遭遇,existing-site
RoT,/data/2/entries/5/entries/3/entries/1/name,Ice Caves Encounters,冰洞遭遇,project-proposed
RoT,/data/2/entries/5/entries/3/entries/2/name,Fog,霧,existing-site
RoT,/data/2/entries/5/entries/3/entries/3/name,Kobolds,狗頭人,existing-site
RoT,/data/2/entries/5/entries/3/entries/4/name,Ice Toads,冰蟾蜍,project-proposed
RoT,/data/2/entries/5/entries/3/entries/5/name,Maccath the Crimson,緋紅的麥卡絲,existing-site
RoT,/data/2/entries/5/entries/3/entries/6/name,Ice Trolls,冰巨魔,project-proposed
RoT,/data/2/entries/5/entries/4/name,Ice Caves (areas 1-7),冰洞（區域1-7）,project-proposed
RoT,/data/2/entries/5/entries/4/entries/0/name,1. Entrance from Hut,1. 從小屋的入口,project-proposed
RoT,/data/2/entries/5/entries/4/entries/1/name,2. Entrance from the Village Hall,2. 從村公所的入口,project-proposed
RoT,/data/2/entries/5/entries/4/entries/2/name,3. Larder,3. 食品儲藏室,project-proposed
RoT,/data/2/entries/5/entries/4/entries/3/name,4. Kobolds' Den,4. 狗頭人巢穴,project-proposed
RoT,/data/2/entries/5/entries/4/entries/3/entries/4/name,Treasure,寶藏,existing-site
RoT,/data/2/entries/5/entries/4/entries/4/name,5. Junk Room,5. 雜物室,project-proposed
RoT,/data/2/entries/5/entries/4/entries/5/name,6. The Chute,6. 滑槽,project-proposed
RoT,/data/2/entries/5/entries/4/entries/6/name,7. Hall of Giants,7. 巨人大廳,project-proposed
RoT,/data/2/entries/5/entries/5/name,Ice Caves (areas 8-14),冰洞（區域8-14）,project-proposed
RoT,/data/2/entries/5/entries/5/entries/0/name,8. Trophy Hall,8. 戰利品大廳,project-proposed
RoT,/data/2/entries/5/entries/5/entries/0/entries/1/name,Treasure,寶藏,existing-site
RoT,/data/2/entries/5/entries/5/entries/1/name,9. Unused Chamber,9. 未使用的房間,project-proposed
RoT,/data/2/entries/5/entries/5/entries/2/name,10. Maccath the Crimson,10. 緋紅的麥卡絲,project-proposed
RoT,/data/2/entries/5/entries/5/entries/2/entries/11/name,Maccath's Bargain,麥卡絲的交易,project-proposed
RoT,/data/2/entries/5/entries/5/entries/2/entries/12/name,Treasure,寶藏,existing-site
RoT,/data/2/entries/5/entries/5/entries/3/name,11. Scriptorium,11. 抄寫室,project-proposed
RoT,/data/2/entries/5/entries/5/entries/3/entries/4/name,Treasure,寶藏,existing-site
RoT,/data/2/entries/5/entries/5/entries/3/entries/5/name,Access to Arauthator's Lair,進入阿勞索多爾的巢穴,project-proposed
RoT,/data/2/entries/5/entries/5/entries/4/name,12. Ice Trolls,12. 冰霜巨魔,project-proposed
RoT,/data/2/entries/5/entries/5/entries/5/name,13. Ice Toad Workplace,13. 冰蟾工作區,project-proposed
RoT,/data/2/entries/5/entries/5/entries/5/entries/5/name,Marfulb's Lore,瑪夫爾布的知識,project-proposed
RoT,/data/2/entries/5/entries/5/entries/6/name,14. Ice Toad Lair,14. 冰蟾蜍巢穴,project-proposed
RoT,/data/2/entries/5/entries/6/name,Arauthator's Lair,阿勞索多爾的巢穴,project-proposed
RoT,/data/2/entries/5/entries/6/entries/1/name,General Features,通用特徵,project-proposed
RoT,/data/2/entries/5/entries/6/entries/1/entries/1/entries/0/name,Ceiling,天花板,project-proposed
RoT,/data/2/entries/5/entries/6/entries/1/entries/1/entries/1/name,Floors,地板,project-proposed
RoT,/data/2/entries/5/entries/6/entries/1/entries/1/entries/2/name,Light,光線,existing-site
RoT,/data/2/entries/5/entries/6/entries/1/entries/1/entries/3/name,Temperature,氣溫,project-proposed
RoT,/data/2/entries/5/entries/6/entries/1/entries/1/entries/4/name,Visibility,能見度,project-proposed
RoT,/data/2/entries/5/entries/6/entries/2/name,15. Scrags' Lair,15. 斯克瑞格的巢穴,project-proposed
RoT,/data/2/entries/5/entries/6/entries/3/name,16. Ice Pillars,16. 冰柱,project-proposed
RoT,/data/2/entries/5/entries/6/entries/4/name,17. The Icewolf's Spine,17. 冰狼之脊,project-proposed
RoT,/data/2/entries/5/entries/6/entries/5/name,18a. The Gullet,18a. 咽喉,project-proposed
RoT,/data/2/entries/5/entries/6/entries/6/name,18b. The Throat,18b. 喉嚨,project-proposed
RoT,/data/2/entries/5/entries/6/entries/7/name,19. The Perch,19. 棲息地,project-proposed
RoT,/data/2/entries/5/entries/6/entries/8/name,20. Arauthator's Abyss,20. 阿勞索多爾的深淵,project-proposed
RoT,/data/2/entries/6/name,Developments,發展,project-proposed
RoT,/data/2/entries/7/name,Leaving Oyaviggaton,離開奧亞維加頓,project-proposed
RoT,/data/2/entries/8/name,Arauthator's Treasure,阿勞索多爾的寶藏,project-proposed
RoT,/data/2/entries/9/name,Conclusion,結局,project-proposed
RoT,/data/3/name,Chapters 11 and 12: Death to the Wyrmspeakers,第11章和第12章：龍語者之死,project-proposed
RoT,/data/3/entries/5/name,Varram the White,白龍語者瓦拉姆,project-proposed
RoT,/data/3/entries/5/entries/2/name,Following the Trail,追蹤蹤跡,project-proposed
RoT,/data/3/entries/5/entries/3/name,Boareskyr Bridge,波勒斯基大橋,project-proposed
RoT,/data/3/entries/5/entries/3/entries/2/name,Bolo's Tentside Inn,博洛的帳篷邊旅館,project-proposed
RoT,/data/3/entries/5/entries/4/name,The Serpent Hills,蛇丘,project-proposed
RoT,/data/3/entries/5/entries/4/entries/2/name,Serpent Hills Encounters,蛇丘遭遇,project-proposed
RoT,/data/3/entries/5/entries/4/entries/3/name,Humanoids,類人生物,project-proposed
RoT,/data/3/entries/5/entries/4/entries/4/name,Herd Mammals,牧群哺乳動物,project-proposed
RoT,/data/3/entries/5/entries/4/entries/5/name,Hill Giants,山丘巨人,project-proposed
RoT,/data/3/entries/5/entries/4/entries/6/name,Unmarked Grave,無標記的墳墓,project-proposed
RoT,/data/3/entries/5/entries/4/entries/7/name,Shrine,聖壇,project-proposed
RoT,/data/3/entries/5/entries/4/entries/8/name,Vultures,禿鷲,project-proposed
RoT,/data/3/entries/5/entries/4/entries/9/name,Ruined Settlement,廢墟定居點,project-proposed
RoT,/data/3/entries/5/entries/4/entries/10/name,Lizardfolk,蜥蜴人,existing-site
RoT,/data/3/entries/6/name,Tomb of Diderius,迪德里烏斯的墓穴,project-proposed
RoT,/data/3/entries/6/entries/3/name,General Features,通用特徵,project-proposed
RoT,/data/3/entries/6/entries/3/entries/1/entries/0/name,Ceilings,天花板,project-proposed
RoT,/data/3/entries/6/entries/3/entries/1/entries/1/name,Light,光線,existing-site
RoT,/data/3/entries/6/entries/3/entries/1/entries/2/name,Regional Effects,區域效應,project-proposed
RoT,/data/3/entries/6/entries/4/name,Tomb of Diderius (areas 1-6),迪德里烏斯的墓穴（區域1-6）,project-proposed
RoT,/data/3/entries/6/entries/4/entries/0/name,1. Entrance Plaza,1. 入口廣場,project-proposed
RoT,/data/3/entries/6/entries/4/entries/0/entries/3/name,Approaching the Statues,接近雕像,project-proposed
RoT,/data/3/entries/6/entries/4/entries/0/entries/4/name,Cultist Campsite and Ruined Fountain,邪教徒營地和廢墟噴泉,project-proposed
RoT,/data/3/entries/6/entries/4/entries/1/name,2. Antechamber,2. 前廳,project-proposed
RoT,/data/3/entries/6/entries/4/entries/2/name,3. Watchful Statues,3. 警覺雕像,project-proposed
RoT,/data/3/entries/6/entries/4/entries/2/entries/2/name,Statue Trap,雕像陷阱,project-proposed
RoT,/data/3/entries/6/entries/4/entries/3/name,4. Mosaic Chamber,4. 馬賽克大廳,project-proposed
RoT,/data/3/entries/6/entries/4/entries/3/entries/3/name,Customization: Animated Tile Creature,自定義：活化瓷磚生物,project-proposed
RoT,/data/3/entries/6/entries/4/entries/3/entries/3/entries/5/name,Rejuvenation,復生,existing-site
RoT,/data/3/entries/6/entries/4/entries/3/entries/3/entries/6/name,Narrow Dodge,狹窄閃避,project-proposed
RoT,/data/3/entries/6/entries/4/entries/3/entries/4/name,Mosaic Sun,馬賽克太陽,project-proposed
RoT,/data/3/entries/6/entries/4/entries/3/entries/5/name,Door Hazard,門陷阱,project-proposed
RoT,/data/3/entries/6/entries/4/entries/4/name,5. Well Chamber,5. 井室,project-proposed
RoT,/data/3/entries/6/entries/4/entries/4/entries/3/name,Trolls,巨魔,existing-site
RoT,/data/3/entries/6/entries/4/entries/5/name,6. Hallway,6. 走廊,project-proposed
RoT,/data/3/entries/6/entries/4/entries/5/entries/1/name,Bone Boulder Trap,骨石陷阱,project-proposed
RoT,/data/3/entries/6/entries/5/name,Tomb of Diderius (areas 7-13),迪德里烏斯的墓穴（區域7-13）,project-proposed
RoT,/data/3/entries/6/entries/5/entries/0/name,7. Throne Room Antechamber,7. 王座室前廳,project-proposed
RoT,/data/3/entries/6/entries/5/entries/0/entries/2/name,Sarcophagi,石棺,project-proposed
RoT,/data/3/entries/6/entries/5/entries/1/name,8. Throne Room,8. 寶座大廳,project-proposed
RoT,/data/3/entries/6/entries/5/entries/1/entries/3/name,Treasure,寶藏,existing-site
RoT,/data/3/entries/6/entries/5/entries/2/name,9. Study and Library,9. 書房與圖書館,project-proposed
RoT,/data/3/entries/6/entries/5/entries/3/name,10. Dining Hall,10. 餐廳,project-proposed
RoT,/data/3/entries/6/entries/5/entries/4/name,11. Treasure Vault,11. 寶庫,project-proposed
RoT,/data/3/entries/6/entries/5/entries/4/entries/1/name,On the Stairs,在樓梯上,project-proposed
RoT,/data/3/entries/6/entries/5/entries/4/entries/2/name,Treasure,寶藏,existing-site
RoT,/data/3/entries/6/entries/5/entries/5/name,12. Divination Pool,12. 占卜池,project-proposed
RoT,/data/3/entries/6/entries/5/entries/5/entries/3/name,Pool,水池,project-proposed
RoT,/data/3/entries/6/entries/5/entries/5/entries/4/name,Using the Pool,使用水池,project-proposed
RoT,/data/3/entries/6/entries/5/entries/6/name,13. Crypt of Diderius,13. 迪德里烏斯的墓穴,project-proposed
RoT,/data/3/entries/6/entries/5/entries/6/entries/2/entries/0/name,Frescoes,壁畫,project-proposed
RoT,/data/3/entries/6/entries/5/entries/6/entries/3/name,Sarcophagus,石棺,project-proposed
RoT,/data/3/entries/6/entries/5/entries/6/entries/4/name,Secret Door,暗門,project-proposed
RoT,/data/3/entries/7/name,Ss'tck'al,斯特卡爾,project-proposed
RoT,/data/3/entries/7/entries/2/name,General Features,通用特徵,project-proposed
RoT,/data/3/entries/7/entries/2/entries/1/entries/0/name,Walls,牆壁,project-proposed
RoT,/data/3/entries/7/entries/2/entries/1/entries/1/name,Ceiling,天花板,project-proposed
RoT,/data/3/entries/7/entries/2/entries/1/entries/2/name,Light,光線,existing-site
RoT,/data/3/entries/7/entries/3/name,Ss'tck'al (areas 14-22),斯特卡爾（區域14-22）,project-proposed
RoT,/data/3/entries/7/entries/3/entries/0/name,14. Entryway,14. 入口,project-proposed
RoT,/data/3/entries/7/entries/3/entries/1/name,15. Bridge,15. 橋樑,project-proposed
RoT,/data/3/entries/7/entries/3/entries/2/name,16. Meditation Chamber,16. 冥想室,project-proposed
RoT,/data/3/entries/7/entries/3/entries/2/entries/2/name,Treasure,寶藏,existing-site
RoT,/data/3/entries/7/entries/3/entries/3/name,17. Yuan-ti Quarters,17. 原體蛇人住處,project-proposed
RoT,/data/3/entries/7/entries/3/entries/3/entries/2/name,Dart Trap,飛鏢陷阱,project-proposed
RoT,/data/3/entries/7/entries/3/entries/3/entries/3/name,Treasure,寶藏,existing-site
RoT,/data/3/entries/7/entries/3/entries/4/name,18. Long Hallway,18. 長走廊,project-proposed
RoT,/data/3/entries/7/entries/3/entries/5/name,19. Hatchery,19. 孵化室,project-proposed
RoT,/data/3/entries/7/entries/3/entries/6/name,20. Lizardfolk Den,20. 蜥蜴人巢穴,project-proposed
RoT,/data/3/entries/7/entries/3/entries/6/entries/1/name,Treasure,寶藏,existing-site
RoT,/data/3/entries/7/entries/3/entries/7/name,21. Prison,21. 監獄,project-proposed
RoT,/data/3/entries/7/entries/3/entries/8/name,22. Temple,22. 神殿,project-proposed
RoT,/data/3/entries/7/entries/3/entries/8/entries/2/name,Dealing for the Dwarf,與矮人的交易,project-proposed
RoT,/data/3/entries/7/entries/3/entries/8/entries/3/name,Developments,發展,project-proposed
RoT,/data/3/entries/8/name,Conclusion,結局,project-proposed
RoT,/data/3/entries/9/name,Neronvain,內洛維,existing-site
RoT,/data/3/entries/9/entries/5/name,Call for Aid,請求援助,project-proposed
RoT,/data/3/entries/10/name,The Misty Forest,迷霧森林,project-proposed
RoT,/data/3/entries/10/entries/1/name,Investigation at Altand,在阿爾坦德的調查,project-proposed
RoT,/data/3/entries/10/entries/2/name,Survivors' Tales,生還者的故事,project-proposed
RoT,/data/3/entries/10/entries/3/name,The Warden's Story,守衛的故事,project-proposed
RoT,/data/3/entries/10/entries/4/name,Silent Witnesses,沉默的證人,project-proposed
RoT,/data/3/entries/10/entries/5/name,Confronting Galin,面對加林,project-proposed
RoT,/data/3/entries/10/entries/6/name,Into the Forest,進入森林,project-proposed
RoT,/data/3/entries/10/entries/6/entries/1/name,A Timely Rescue,及時的救援,project-proposed
RoT,/data/3/entries/10/entries/6/entries/2/name,Spiders' Haunt,蜘蛛的棲息地,project-proposed
RoT,/data/3/entries/11/name,Neronvain's Stronghold,內洛維的要塞,project-proposed
RoT,/data/3/entries/11/entries/3/name,No One Home,無人在家,project-proposed
RoT,/data/3/entries/11/entries/4/name,General Features,通用特徵,project-proposed
RoT,/data/3/entries/11/entries/4/entries/0/entries/0/name,Secret Doors,暗門,project-proposed
RoT,/data/3/entries/11/entries/4/entries/0/entries/1/name,Light,光線,existing-site
RoT,/data/3/entries/11/entries/5/name,Stronghold (areas 1-10),要塞（區域1-10）,project-proposed
RoT,/data/3/entries/11/entries/5/entries/0/name,1. Pool,1. 池塘,project-proposed
RoT,/data/3/entries/11/entries/5/entries/0/entries/2/name,Dragon Attack,龍的攻擊,project-proposed
RoT,/data/3/entries/11/entries/5/entries/1/name,2. Island Chamber,2. 島嶼大廳,project-proposed
RoT,/data/3/entries/11/entries/5/entries/1/entries/5/name,Dragon Attack,龍的攻擊,project-proposed
RoT,/data/3/entries/11/entries/5/entries/2/name,3. Ettin Lair,3. 雙頭巨人巢穴,project-proposed
RoT,/data/3/entries/11/entries/5/entries/3/name,4. Elf Quarters,4. 精靈區,project-proposed
RoT,/data/3/entries/11/entries/5/entries/3/entries/4/name,Forgotten Shrine,被遺忘的神祠,project-proposed
RoT,/data/3/entries/11/entries/5/entries/4/name,5. Cultist Common Room,5. 邪教徒公共室,project-proposed
RoT,/data/3/entries/11/entries/5/entries/5/name,6. Cultist Quarters,6. 教徒宿舍,project-proposed
RoT,/data/3/entries/11/entries/5/entries/5/entries/1/name,Treasure,寶藏,existing-site
RoT,/data/3/entries/11/entries/5/entries/6/name,7. Storeroom,7. 儲藏室,project-proposed
RoT,/data/3/entries/11/entries/5/entries/6/entries/1/name,Treasure,寶藏,existing-site
RoT,/data/3/entries/11/entries/5/entries/7/name,8. Neronvain's Chambers,8. 內洛維的房間,project-proposed
RoT,/data/3/entries/11/entries/5/entries/7/entries/3/name,Treasure,寶藏,existing-site
RoT,/data/3/entries/11/entries/5/entries/8/name,9. Secret Passage,9. 秘密通道,project-proposed
RoT,/data/3/entries/11/entries/5/entries/9/name,10. Chuth's Lair,10. 楚斯的巢穴,project-proposed
RoT,/data/3/entries/11/entries/5/entries/9/entries/3/name,Treasure,寶藏,existing-site
RoT,/data/3/entries/12/name,Conclusion,結局,project-proposed
RoT,/data/4/name,Chapter 13: The Cult Strikes Back,第13章：邪教反擊,project-proposed
RoT,/data/4/entries/5/name,Character Death,角色死亡,project-proposed
RoT,/data/4/entries/6/name,First Attack,首次攻擊,project-proposed
RoT,/data/4/entries/6/entries/1/name,Location and Timing,地點和時間,project-proposed
RoT,/data/4/entries/6/entries/2/name,Cult Forces,邪教力量,project-proposed
RoT,/data/4/entries/6/entries/2/entries/1/name,First Attack Cult Forces,首次攻擊邪教勢力,project-proposed
RoT,/data/4/entries/6/entries/3/name,Plan of Attack,攻擊計劃,project-proposed
RoT,/data/4/entries/6/entries/3/entries/1/name,Option 1: Attack at an Inn,選項1：在旅館攻擊,project-proposed
RoT,/data/4/entries/6/entries/3/entries/2/name,Option 2: Attack on the Road,選項2：在路上攻擊,project-proposed
RoT,/data/4/entries/6/entries/4/name,Conclusion,結局,project-proposed
RoT,/data/4/entries/7/name,Second Attack,第二次攻擊,project-proposed
RoT,/data/4/entries/7/entries/1/name,Location and Timing,地點和時間,project-proposed
RoT,/data/4/entries/7/entries/2/name,Cult Forces,邪教力量,project-proposed
RoT,/data/4/entries/7/entries/2/entries/2/name,Second Attack Cult Forces,第二次攻擊的教團力量,project-proposed
RoT,/data/4/entries/7/entries/3/name,Plan of Attack,攻擊計劃,project-proposed
RoT,/data/4/entries/7/entries/3/entries/1/name,Option 1: Indoor Attack,選項1：室內攻擊,project-proposed
RoT,/data/4/entries/7/entries/3/entries/2/name,Option 2: Outdoor Attack,選項2：戶外攻擊,project-proposed
RoT,/data/4/entries/7/entries/4/name,Developments,發展,project-proposed
RoT,/data/4/entries/7/entries/5/name,Conclusion,結局,project-proposed
RoT,/data/4/entries/8/name,Third Attack,第三次攻擊,project-proposed
RoT,/data/4/entries/8/entries/2/name,Location and Timing,地點和時間,project-proposed
RoT,/data/4/entries/8/entries/3/name,Cult Forces,邪教力量,project-proposed
RoT,/data/4/entries/8/entries/3/entries/2/name,Third Attack Cult Forces,第三次攻擊的邪教力量,project-proposed
RoT,/data/4/entries/8/entries/4/name,Plan of Attack,攻擊計劃,project-proposed
RoT,/data/4/entries/8/entries/4/entries/2/name,Frontal Assault,正面突擊,project-proposed
RoT,/data/4/entries/8/entries/5/name,Developments,發展,project-proposed
RoT,/data/4/entries/8/entries/6/name,Conclusion,結局,project-proposed
RoT,/data/4/entries/9/name,Sequence of Events,事件順序,project-proposed
RoT,/data/5/name,"Chapter 14: Metallic Dragons, Arise",第14章：金屬龍，覺醒,project-proposed
RoT,/data/5/entries/6/name,Unlikely Ambassadors,不太可能的大使們,project-proposed
RoT,/data/5/entries/6/entries/1/name,Journey to the Nether Mountains,前往地獄山脈之旅,project-proposed
RoT,/data/5/entries/7/name,Council of Dragons,龍之議會,project-proposed
RoT,/data/5/entries/7/entries/2/name,Attitudes,態度,project-proposed
RoT,/data/5/entries/7/entries/3/name,Protanther,普羅瑟,project-proposed
RoT,/data/5/entries/7/entries/3/entries/4/entries/0/name,Desire,渴望,project-proposed
RoT,/data/5/entries/7/entries/3/entries/4/entries/1/name,Attitude,態度,existing-site
RoT,/data/5/entries/7/entries/3/entries/4/entries/2/name,Concession,讓步,project-proposed
RoT,/data/5/entries/7/entries/4/name,Ileuthra,伊琉瑟拉,project-proposed
RoT,/data/5/entries/7/entries/4/entries/3/entries/0/name,Desire,渴望,project-proposed
RoT,/data/5/entries/7/entries/4/entries/3/entries/1/name,Attitude,態度,existing-site
RoT,/data/5/entries/7/entries/4/entries/3/entries/2/name,Concession,讓步,project-proposed
RoT,/data/5/entries/7/entries/5/name,Otaaryliakkarnos,奧塔里亞卡諾斯,project-proposed
RoT,/data/5/entries/7/entries/5/entries/3/entries/0/name,Attitude,態度,existing-site
RoT,/data/5/entries/7/entries/5/entries/3/entries/1/name,Desire,渴望,project-proposed
RoT,/data/5/entries/7/entries/5/entries/3/entries/2/name,Concession,讓步,project-proposed
RoT,/data/5/entries/7/entries/6/name,Nymmurh,尼姆穆爾,project-proposed
RoT,/data/5/entries/7/entries/6/entries/3/entries/0/name,Desire,渴望,project-proposed
RoT,/data/5/entries/7/entries/6/entries/3/entries/1/name,Attitude,態度,existing-site
RoT,/data/5/entries/7/entries/6/entries/3/entries/2/name,Concession,讓步,project-proposed
RoT,/data/5/entries/7/entries/7/name,Tazmikella,塔茲米凱拉,project-proposed
RoT,/data/5/entries/7/entries/7/entries/3/entries/0/name,Desire,渴望,project-proposed
RoT,/data/5/entries/7/entries/7/entries/3/entries/1/name,Attitude,態度,existing-site
RoT,/data/5/entries/7/entries/7/entries/3/entries/2/name,Concession,讓步,project-proposed
RoT,/data/5/entries/7/entries/7/entries/3/entries/2/entries/1/name,A Relic for Just Such an Occasion,正是這種場合所需的神器,project-proposed
RoT,/data/5/entries/7/entries/8/name,General Concessions,一般讓步,project-proposed
RoT,/data/5/entries/7/entries/8/entries/1/name,Wealth,財富,project-proposed
RoT,/data/5/entries/7/entries/8/entries/2/name,Other Promises,其他承諾,project-proposed
RoT,/data/5/entries/8/name,Conclusion,結局,project-proposed
RoT,/data/6/name,Chapter 15: Xonthal's Tower,第15章：贊薩爾之塔,project-proposed
RoT,/data/6/entries/5/name,Iskander,伊斯坎德爾,existing-site
RoT,/data/6/entries/6/name,An Unexpected Message,一個意外的訊息,project-proposed
RoT,/data/6/entries/6/entries/4/name,Xonthal's Tower,贊薩爾之塔,project-proposed
RoT,/data/6/entries/6/entries/5/name,The Village,村莊,project-proposed
RoT,/data/6/entries/7/name,The Maze,迷宮,project-proposed
RoT,/data/6/entries/7/entries/5/name,General Features,通用特徵,project-proposed
RoT,/data/6/entries/7/entries/6/name,Rescue Mission,救援任務,project-proposed
RoT,/data/6/entries/7/entries/7/name,1. The Sundial,1. 日晷,project-proposed
RoT,/data/6/entries/7/entries/7/entries/5/name,Sundial Shadows,日晷陰影,project-proposed
RoT,/data/6/entries/7/entries/7/entries/5/entries/6/name,Splitting the Party,分隊,project-proposed
RoT,/data/6/entries/7/entries/7/entries/6/name,Completing the Maze,完成迷宮,project-proposed
RoT,/data/6/entries/7/entries/8/name,2. Chuul Pool,2. 甲伏怪池,project-proposed
RoT,/data/6/entries/7/entries/8/entries/4/name,Treasure,寶藏,existing-site
RoT,/data/6/entries/7/entries/9/name,3. Cyclopes' Pasture,3. 獨眼巨人牧場,project-proposed
RoT,/data/6/entries/7/entries/10/name,4. Carnivorous Garden,4. 食肉花園,project-proposed
RoT,/data/6/entries/7/entries/11/name,5. Pagoda,5. 寶塔,project-proposed
RoT,/data/6/entries/7/entries/12/name,6. Statue Gallery,6. 雕像長廊,project-proposed
RoT,/data/6/entries/7/entries/13/name,7. Gorgon Maze,7. 石化鐵牛迷宮,project-proposed
RoT,/data/6/entries/8/name,The Tower,高塔,project-proposed
RoT,/data/6/entries/8/entries/2/name,General Features,通用特徵,project-proposed
RoT,/data/6/entries/8/entries/2/entries/0/entries/0/name,Ceilings,天花板,project-proposed
RoT,/data/6/entries/8/entries/2/entries/0/entries/1/name,Light,光線,existing-site
RoT,/data/6/entries/8/entries/2/entries/0/entries/2/name,Sound,聲音,existing-site
RoT,/data/6/entries/8/entries/2/entries/0/entries/3/name,Teleport Circles,傳送圈,project-proposed
RoT,/data/6/entries/8/entries/2/entries/1/name,Teleport Symbols,傳送符號,project-proposed
RoT,/data/6/entries/8/entries/3/name,8. Audience Chamber,8. 接見大廳,project-proposed
RoT,/data/6/entries/8/entries/4/name,9. Closed Chambers,9. 封閉的房間,project-proposed
RoT,/data/6/entries/8/entries/5/name,10. Shrine,10. 神龕,project-proposed
RoT,/data/6/entries/8/entries/6/name,11. Lounge,11. 休息室,project-proposed
RoT,/data/6/entries/8/entries/7/name,12. Observatory,12. 天文臺,project-proposed
RoT,/data/6/entries/8/entries/8/name,13. Bedroom,13. 臥室,project-proposed
RoT,/data/6/entries/9/name,Dungeon,地下城,project-proposed
RoT,/data/6/entries/9/entries/2/name,General Features,通用特徵,project-proposed
RoT,/data/6/entries/9/entries/2/entries/0/entries/0/name,Ceilings,天花板,project-proposed
RoT,/data/6/entries/9/entries/2/entries/0/entries/1/name,Light,光線,existing-site
RoT,/data/6/entries/9/entries/2/entries/0/entries/2/name,Sound,聲音,existing-site
RoT,/data/6/entries/9/entries/3/name,14. Dungeon Teleporter,14. 地牢傳送器,project-proposed
RoT,/data/6/entries/9/entries/4/name,15. Elemental Checkpoint,15. 元素檢查點,project-proposed
RoT,/data/6/entries/9/entries/4/entries/5/name,Treasure,寶藏,existing-site
RoT,/data/6/entries/9/entries/5/name,16. Laboratory,16. 實驗室,project-proposed
RoT,/data/6/entries/9/entries/6/name,17. Cosmic Hallway,17. 宇宙走廊,project-proposed
RoT,/data/6/entries/9/entries/7/name,18. Study,18. 書房,project-proposed
RoT,/data/6/entries/9/entries/7/entries/4/name,Treasure,寶藏,existing-site
RoT,/data/6/entries/9/entries/8/name,19. Observation Room,19. 觀察室,project-proposed
RoT,/data/6/entries/9/entries/9/name,20. Spellbook Study,20. 魔法書研究,project-proposed
RoT,/data/6/entries/9/entries/10/name,21. Storage Closet,21. 儲藏櫃,project-proposed
RoT,/data/6/entries/9/entries/11/name,22. Taraz the Fair,22. 淡焰塔拉茲,project-proposed
RoT,/data/6/entries/9/entries/12/name,23. Time Chamber,23. 時間室,project-proposed
RoT,/data/6/entries/10/name,Exiting Xonthal's Tower,離開贊薩爾之塔,project-proposed
RoT,/data/6/entries/11/name,Conclusion,結局,project-proposed
RoT,/data/7/name,Chapter 16: Mission to Thay,第16章：前往賽爾的任務,project-proposed
RoT,/data/7/entries/4/name,The Enemy of My Enemy,我的敵人的敵人,project-proposed
RoT,/data/7/entries/4/entries/4/name,A Dark and Forbidding Land,一個黑暗而令人生畏的土地,project-proposed
RoT,/data/7/entries/4/entries/5/name,Preparations and Departure,準備和出發,project-proposed
RoT,/data/7/entries/4/entries/6/name,Reception and Audience,接待和接見,project-proposed
RoT,/data/7/entries/4/entries/7/name,Dreams and Nightmares,夢境與噩夢,project-proposed
RoT,/data/7/entries/4/entries/8/name,Outcome,結果,project-proposed
RoT,/data/7/entries/5/name,Conclusion,結局,project-proposed
RoT,/data/8/name,Chapter 17: Tiamat's Return,第17章：提亞馬特的歸來,project-proposed
RoT,/data/8/entries/4/name,The Final Battle,最終戰役,project-proposed
RoT,/data/8/entries/4/entries/2/name,The Draakhorn,德拉霍恩,project-proposed
RoT,/data/8/entries/4/entries/3/name,Severin's Triumph,賽維林的凱旋,project-proposed
RoT,/data/8/entries/4/entries/4/name,Stopping Severin,阻止賽維林,project-proposed
RoT,/data/8/entries/4/entries/5/name,Approaching the Well,接近井口,project-proposed
RoT,/data/8/entries/5/name,The Well of Dragons,龍井,project-proposed
RoT,/data/8/entries/5/entries/5/name,The Temple of Tiamat,提亞馬特神廟,project-proposed
RoT,/data/8/entries/5/entries/6/name,Lava Tubes and Warrens,熔岩管和巢穴,project-proposed
RoT,/data/8/entries/5/entries/7/name,General Features,通用特徵,project-proposed
RoT,/data/8/entries/5/entries/7/entries/0/entries/0/name,Corridors,過道,existing-site
RoT,/data/8/entries/5/entries/7/entries/0/entries/1/name,Light,光線,existing-site
RoT,/data/8/entries/5/entries/7/entries/0/entries/2/name,Sound,聲音,existing-site
RoT,/data/8/entries/5/entries/8/name,Within the Well of Dragons,在龍井之內,project-proposed
RoT,/data/8/entries/5/entries/9/name,"1A, 1B, 1C. North Entrances","1A, 1B, 1C. 北入口",project-proposed
RoT,/data/8/entries/5/entries/10/name,"2A, 2B, 2C. East Entrances","2A, 2B, 2C. 東入口",project-proposed
RoT,/data/8/entries/5/entries/11/name,3. Forgotten Entrance,3. 被遺忘的入口,project-proposed
RoT,/data/8/entries/5/entries/12/name,4. Naergoth Bladelord,4. 納爾戈斯·劍領主,project-proposed
RoT,/data/8/entries/5/entries/13/name,5. Unused Chamber,5. 未使用的房間,project-proposed
RoT,/data/8/entries/5/entries/14/name,6. Main Treasure Chamber,6. 主寶藏室,project-proposed
RoT,/data/8/entries/5/entries/14/entries/4/name,Treasure,寶藏,existing-site
RoT,/data/8/entries/5/entries/15/name,7. Secondary Treasure Chamber,7. 次要寶物室,project-proposed
RoT,/data/8/entries/5/entries/16/name,8. The Draakhorn,8. 龍角號,project-proposed
RoT,/data/8/entries/5/entries/16/entries/6/name,Draakhorn,龍吼號角,existing-site
RoT,/data/8/entries/5/entries/17/name,9. Planning Room,9. 策劃室,project-proposed
RoT,/data/8/entries/5/entries/18/name,10. Leaders' Quarters,10. 領導者宿舍,project-proposed
RoT,/data/8/entries/5/entries/19/name,11. Severin's Quarters,11. 賽維林的住處,project-proposed
RoT,/data/8/entries/5/entries/20/name,"12, 13. High-Ranking Cultists' Chambers","12, 13. 高階教派成員的房間",project-proposed
RoT,/data/8/entries/5/entries/21/name,14. Prisoners' Effects,14. 囚犯的物品,project-proposed
RoT,/data/8/entries/5/entries/22/name,15. Low-Ranking Cultists' Chamber,15. 低階邪教徒的房間,project-proposed
RoT,/data/8/entries/5/entries/23/name,"16, 17, 18. Prisoner Pens","16, 17, 18. 囚犯圍欄",project-proposed
RoT,/data/8/entries/5/entries/24/name,19. Drake Pens,19. 幼龍圍欄,project-proposed
RoT,/data/8/entries/5/entries/25/name,"20, 21. Red Wizards' Quarters","20, 21. 紅袍法師的住處",project-proposed
RoT,/data/8/entries/5/entries/26/name,22. Sinkhole,22. 陷坑,project-proposed
RoT,/data/8/entries/5/entries/27/name,23. Northern Exits,23. 北方出口,project-proposed
RoT,/data/8/entries/5/entries/28/name,24. Temple Exit,24. 神廟出口,project-proposed
RoT,/data/8/entries/6/name,Tiamat's Temple,提亞馬特的神廟,project-proposed
RoT,/data/8/entries/6/entries/3/name,Temple Layout,神廟佈局,project-proposed
RoT,/data/8/entries/6/entries/3/entries/3/name,Key to Tiamat's Temple,提亞馬特神廟的鑰匙,project-proposed
RoT,/data/8/entries/6/entries/4/name,Performing the Ritual,執行儀式,project-proposed
RoT,/data/8/entries/7/name,Enemies and Allies,敵人與盟友,existing-site
RoT,/data/8/entries/7/entries/2/name,Assigning Assets,分配資源,project-proposed
RoT,/data/8/entries/7/entries/2/entries/3/name,Final Battle Assets,最終戰鬥資源,project-proposed
RoT,/data/8/entries/7/entries/3/name,Cult Assets,邪教資源,project-proposed
RoT,/data/8/entries/7/entries/3/entries/0/entries/0/name,Severin,賽維林,existing-site
RoT,/data/8/entries/7/entries/3/entries/0/entries/1/name,Rath Modar,拉斯·莫達,existing-site
RoT,/data/8/entries/7/entries/3/entries/0/entries/2/name,Cult Leaders,邪教領袖,project-proposed
RoT,/data/8/entries/7/entries/3/entries/0/entries/3/name,Cultist Troops,邪教徒部隊,project-proposed
RoT,/data/8/entries/7/entries/3/entries/0/entries/4/name,Chromatic Dragons,色彩龍,existing-site
RoT,/data/8/entries/7/entries/3/entries/0/entries/5/name,Devils,魔鬼,existing-site
RoT,/data/8/entries/7/entries/3/entries/0/entries/6/name,Giants,巨人,existing-site
RoT,/data/8/entries/7/entries/3/entries/0/entries/7/name,Evil Mercenaries,邪惡僱傭兵,project-proposed
RoT,/data/8/entries/7/entries/3/entries/0/entries/8/name,Temple of Tiamat,提亞馬特神廟,project-proposed
RoT,/data/8/entries/7/entries/3/entries/0/entries/9/name,Red Wizards,紅袍巫師,project-proposed
RoT,/data/8/entries/7/entries/3/entries/0/entries/10/name,Mask of the Dragon Queen,龍後面具,existing-site
RoT,/data/8/entries/7/entries/4/name,Factional Assets,派系資源,project-proposed
RoT,/data/8/entries/7/entries/4/entries/0/entries/0/name,Order of the Gauntlet,鐵手套教團,project-proposed
RoT,/data/8/entries/7/entries/4/entries/0/entries/1/name,Emerald Enclave,翠綠閒庭,project-proposed
RoT,/data/8/entries/7/entries/4/entries/0/entries/2/name,Zhentarim Assassins,散塔林會 刺客,project-proposed
RoT,/data/8/entries/7/entries/4/entries/0/entries/3/name,Harper Agents,豎琴手特工,project-proposed
RoT,/data/8/entries/7/entries/4/entries/0/entries/4/name,Metallic Dragons,金屬龍,existing-site
RoT,/data/8/entries/7/entries/4/entries/0/entries/5/name,Devils,魔鬼,existing-site
RoT,/data/8/entries/7/entries/4/entries/0/entries/6/name,Giants,巨人,existing-site
RoT,/data/8/entries/7/entries/4/entries/0/entries/7/name,Lords' Alliance Army,領主聯盟軍隊,project-proposed
RoT,/data/8/entries/7/entries/4/entries/0/entries/8/name,Skyreach Castle,天穹城堡,project-proposed
RoT,/data/8/entries/7/entries/4/entries/0/entries/9/name,Arcane Brotherhood,奧法兄弟會,project-proposed
RoT,/data/8/entries/7/entries/5/name,Thwarting the Dragon Queen,阻止龍後,project-proposed
RoT,/data/8/entries/7/entries/6/name,Facing Tiamat,面對提亞馬特,project-proposed
RoT,/data/8/entries/7/entries/6/entries/4/name,Tiamat's Appearance,提亞馬特的降臨,project-proposed
RoT,/data/8/entries/7/entries/7/name,Weakening the Dragon Queen,削弱龍後,project-proposed
RoT,/data/8/entries/7/entries/7/entries/5/name,Banishing Tiamat,驅逐提亞馬特,project-proposed
RoT,/data/8/entries/7/entries/7/entries/6/name,Ruthless Play and High Stakes,無情遊戲與高風險,project-proposed
RoT,/data/8/entries/8/name,Victory or Defeat,勝利或失敗,project-proposed
RoT,/data/8/entries/8/entries/1/name,The Horror of Defeat,失敗的恐怖,project-proposed
RoT,/data/8/entries/8/entries/2/name,Aftermath of Victory,勝利之後,project-proposed
RoT,/data/9/name,Appendix A: Backgrounds,附錄A：背景,project-proposed
RoT,/data/9/entries/1/name,Background Template,背景模板,project-proposed
RoT,/data/9/entries/1/entries/1/name,The Story Thus Far...,到目前為止的故事...,project-proposed
RoT,/data/9/entries/1/entries/1/entries/1/name,Campaign Bonds,戰役牽絆,project-proposed
RoT,/data/9/entries/2/name,Optional Features,可選特性,project-proposed
RoT,/data/9/entries/2/entries/1/entries/0/name,Optional Feature: Cult of the Dragon Infiltrator,可選特性：龍巫教滲透者,project-proposed
RoT,/data/9/entries/2/entries/1/entries/1/name,Optional Feature: Dragon Scholar,可選特性：龍學者,project-proposed
RoT,/data/10/name,Appendix B: Council Scorecard,附錄B：議會評分卡,project-proposed
RoT,/data/10/entries/3/name,First Council (Hoard of the Dragon Queen),第一次議會（龍後的寶山）,project-proposed
RoT,/data/10/entries/4/name,Second Council,第二次會議,project-proposed
RoT,/data/10/entries/5/name,Third Council,第三議會,project-proposed
RoT,/data/10/entries/6/name,Fourth Council,第四議會,project-proposed
RoT,/data/10/entries/7/name,Final Tally,最終統計,project-proposed
RoT,/data/11/name,Appendix C: Magic Items,附錄C：魔法物品,project-proposed
RoT,/data/12/name,Appendix D: Monsters,附錄D：怪物,project-proposed
RoT,/data/13/name,Appendix E: Concept Gallery,附錄E：概念相簿,project-proposed
RoT,/data/13/entries/6/name,Invasion of Icewind Dale,冰風谷的入侵,project-proposed
RoT,/data/13/entries/7/name,Attack on Luskan,對路斯坎的攻擊,project-proposed
RoT,/data/13/entries/8/name,Siege of Neverwinter,無冬城的圍城,project-proposed
RoT,/data/13/entries/9/name,Assassination in Waterdeep,深水城的暗殺,project-proposed
RoT,/data/13/entries/10/name,Battle at Tiamat's Temple,提亞馬特神廟之戰,project-proposed
RoT,/data/13/entries/11/name,Coup at Dragonspear Castle,龍矛城堡政變,project-proposed
RoT,/data/13/entries/12/name,Factions,派系,project-proposed
RoT,/data/13/entries/12/entries/0/name,Red Wizards of Thay,賽爾紅袍法師,project-proposed
RoT,/data/13/entries/12/entries/0/entries/1/name,Red Wizards,紅袍巫師,project-proposed
RoT,/data/13/entries/12/entries/1/name,The Black Network,黑網,project-proposed
RoT,/data/13/entries/12/entries/2/name,Dread Warriors,恐懼戰士,project-proposed
RoT,/data/13/entries/13/name,Cult of the Dragon,龍巫教,project-proposed
RoT,/data/13/entries/13/entries/0/name,Dragon Masks,龍面具,project-proposed
RoT,/data/13/entries/13/entries/1/name,Cult of the Dragon - Cultist Stronghold,龍巫教 - 邪教徒要塞,project-proposed
RoT,/data/13/entries/13/entries/2/name,Dragon Cultists,龍巫教徒,project-proposed
RoT,/data/13/entries/14/name,Areas of Faerûn,費倫區域,project-proposed
RoT,/data/13/entries/14/entries/0/name,Temple of Tiamat,提亞馬特神廟,project-proposed
RoT,/data/13/entries/14/entries/1/name,Icewind Dale,冰風谷,project-proposed
RoT,/data/13/entries/14/entries/2/name,Waterdeep,深水城,project-proposed
RoT,/data/13/entries/14/entries/3/name,People of the Sword Coast,劍海岸的人民,project-proposed
RoT,/data/13/entries/15/name,Dragons,龍,existing-site
RoT,/data/13/entries/15/entries/0/name,Red Dragons,紅龍,existing-site
RoT,/data/13/entries/15/entries/1/name,Blue Dragons,藍龍,existing-site
RoT,/data/13/entries/15/entries/2/name,Green Dragons,綠龍,existing-site
RoT,/data/13/entries/15/entries/3/name,Black Dragons,黑龍,existing-site
RoT,/data/13/entries/15/entries/4/name,White Dragons,白龍,existing-site
RoT,/data/14/name,Credits,製作組,project-proposed
RoT,/data/14/entries/0/entries/0/name,Kobold Press,Kobold Press,project-proposed
RoT,/data/14/entries/0/entries/0/entries/0/items/0/name,Designers,設計師,project-proposed
RoT,/data/14/entries/0/entries/0/entries/0/items/1/name,Editors,編輯,project-proposed
RoT,/data/14/entries/0/entries/0/entries/0/items/2/name,Interior Illustrators,內頁插畫師,project-proposed
RoT,/data/14/entries/0/entries/0/entries/0/items/3/name,Cartographer,製圖師,existing-site
RoT,/data/14/entries/0/entries/0/entries/0/items/4/name,Art Director,美術指導,project-proposed
RoT,/data/14/entries/0/entries/0/entries/0/items/5/name,Producer,出品人,project-proposed
RoT,/data/14/entries/0/entries/1/name,Wizards of the Coast,威世智,project-proposed
RoT,/data/14/entries/0/entries/1/entries/0/items/0/name,D&D Lead Designers,D&D首席設計師,project-proposed
RoT,/data/14/entries/0/entries/1/entries/0/items/1/name,Designers,設計師,project-proposed
RoT,/data/14/entries/0/entries/1/entries/0/items/2/name,Editor,編輯,project-proposed
RoT,/data/14/entries/0/entries/1/entries/0/items/3/name,Art Directors,藝術指導,project-proposed
RoT,/data/14/entries/0/entries/1/entries/0/items/4/name,Graphic Designers,平面設計師,project-proposed
RoT,/data/14/entries/0/entries/1/entries/0/items/5/name,Cover Illustrator,封面插畫師,project-proposed
RoT,/data/14/entries/0/entries/1/entries/0/items/6/name,Concept Gallery Illustrators,概念畫廊插畫師,project-proposed
RoT,/data/14/entries/0/entries/1/entries/0/items/7/name,Producers,製作人,project-proposed
RoT,/data/14/entries/0/entries/1/entries/0/items/8/name,Project Management,專案管理,project-proposed
RoT,/data/14/entries/0/entries/1/entries/0/items/9/name,Production Services,製作服務,project-proposed
RoT,/data/14/entries/0/entries/1/entries/0/items/10/name,Other D&D Team Members,其他D&D團隊成員,project-proposed
RoT,/data/14/entries/0/entries/1/entries/0/items/11/name,Playtesters,測試玩家,project-proposed
